ประโยคขอแก้ไขข้อมูลอีเมล,คำตอบ
รบกวนช่วยแก้ไขที่อยู่อีเมลของฉันด้วยครับ/ค่ะ,"คุณครูสามารถแก้ไขได้ด้วยตนเองค่ะ ทำตามขั้นตอนดังนี้
1 ล็อกอินเข้าระบบ แล้วมาที่เมนู บัญชี ดังรูป จากนั้นระบบจะแสดงหน้าข้อมูลส่วนตัวค่ะ
2 ทำการแก้ไขข้อมูลอีเมลให้ตรงกับระบบ ENDB จากนั้นกดบันทึก ปุ่มด้านล่างค่ะ และกดปิดหน้าข้อมูลส่วนตัว
3 เมื่อแก้ไขอีเมลเรียบร้อยแล้ว คุณครูสามารถเข้าระบบ ENDB ด้วยอีเมลเดิมได้เลยค่ะ
สอบถามเพิ่มเติมได้ที่ teacherpd@ipst.ac.th พร้อมแจ้งหมายเลขอ้างอิง 52006 เพื่อใช้อ้างอิงและติดตามงานค่ะ"
ขอความกรุณาแก้ไขอีเมลในระบบให้ถูกต้องด้วยครับ/ค่ะ,"คุณครูสามารถแก้ไขได้ด้วยตนเองค่ะ ทำตามขั้นตอนดังนี้
1 ล็อกอินเข้าระบบ แล้วมาที่เมนู บัญชี ดังรูป จากนั้นระบบจะแสดงหน้าข้อมูลส่วนตัวค่ะ
2 ทำการแก้ไขข้อมูลอีเมลให้ตรงกับระบบ ENDB จากนั้นกดบันทึก ปุ่มด้านล่างค่ะ และกดปิดหน้าข้อมูลส่วนตัว
3 เมื่อแก้ไขอีเมลเรียบร้อยแล้ว คุณครูสามารถเข้าระบบ ENDB ด้วยอีเมลเดิมได้เลยค่ะ
สอบถามเพิ่มเติมได้ที่ teacherpd@ipst.ac.th พร้อมแจ้งหมายเลขอ้างอิง 52006 เพื่อใช้อ้างอิงและติดตามงานค่ะ"
ฉันต้องการเปลี่ยนแปลงอีเมลในบัญชีผู้ใช้,"คุณครูสามารถแก้ไขได้ด้วยตนเองค่ะ ทำตามขั้นตอนดังนี้
1 ล็อกอินเข้าระบบ แล้วมาที่เมนู บัญชี ดังรูป จากนั้นระบบจะแสดงหน้าข้อมูลส่วนตัวค่ะ
2 ทำการแก้ไขข้อมูลอีเมลให้ตรงกับระบบ ENDB จากนั้นกดบันทึก ปุ่มด้านล่างค่ะ และกดปิดหน้าข้อมูลส่วนตัว
3 เมื่อแก้ไขอีเมลเรียบร้อยแล้ว คุณครูสามารถเข้าระบบ ENDB ด้วยอีเมลเดิมได้เลยค่ะ
สอบถามเพิ่มเติมได้ที่ teacherpd@ipst.ac.th พร้อมแจ้งหมายเลขอ้างอิง 52006 เพื่อใช้อ้างอิงและติดตามงานค่ะ"
ช่วยอัปเดตอีเมลของฉันเป็นอีเมลใหม่ด้วยครับ/ค่ะ,"คุณครูสามารถแก้ไขได้ด้วยตนเองค่ะ ทำตามขั้นตอนดังนี้
1 ล็อกอินเข้าระบบ แล้วมาที่เมนู บัญชี ดังรูป จากนั้นระบบจะแสดงหน้าข้อมูลส่วนตัวค่ะ
2 ทำการแก้ไขข้อมูลอีเมลให้ตรงกับระบบ ENDB จากนั้นกดบันทึก ปุ่มด้านล่างค่ะ และกดปิดหน้าข้อมูลส่วนตัว
3 เมื่อแก้ไขอีเมลเรียบร้อยแล้ว คุณครูสามารถเข้าระบบ ENDB ด้วยอีเมลเดิมได้เลยค่ะ
สอบถามเพิ่มเติมได้ที่ teacherpd@ipst.ac.th พร้อมแจ้งหมายเลขอ้างอิง 52006 เพื่อใช้อ้างอิงและติดตามงานค่ะ"
รบกวนแก้ไขข้อมูลอีเมลที่ลงทะเบียนให้เป็นปัจจุบันด้วย,"คุณครูสามารถแก้ไขได้ด้วยตนเองค่ะ ทำตามขั้นตอนดังนี้
1 ล็อกอินเข้าระบบ แล้วมาที่เมนู บัญชี ดังรูป จากนั้นระบบจะแสดงหน้าข้อมูลส่วนตัวค่ะ
2 ทำการแก้ไขข้อมูลอีเมลให้ตรงกับระบบ ENDB จากนั้นกดบันทึก ปุ่มด้านล่างค่ะ และกดปิดหน้าข้อมูลส่วนตัว
3 เมื่อแก้ไขอีเมลเรียบร้อยแล้ว คุณครูสามารถเข้าระบบ ENDB ด้วยอีเมลเดิมได้เลยค่ะ
สอบถามเพิ่มเติมได้ที่ teacherpd@ipst.ac.th พร้อมแจ้งหมายเลขอ้างอิง 52006 เพื่อใช้อ้างอิงและติดตามงานค่ะ"
ขอเปลี่ยนอีเมลในระบบเป็นอีเมลนี้แทนครับ/ค่ะ,"คุณครูสามารถแก้ไขได้ด้วยตนเองค่ะ ทำตามขั้นตอนดังนี้
1 ล็อกอินเข้าระบบ แล้วมาที่เมนู บัญชี ดังรูป จากนั้นระบบจะแสดงหน้าข้อมูลส่วนตัวค่ะ
2 ทำการแก้ไขข้อมูลอีเมลให้ตรงกับระบบ ENDB จากนั้นกดบันทึก ปุ่มด้านล่างค่ะ และกดปิดหน้าข้อมูลส่วนตัว
3 เมื่อแก้ไขอีเมลเรียบร้อยแล้ว คุณครูสามารถเข้าระบบ ENDB ด้วยอีเมลเดิมได้เลยค่ะ
สอบถามเพิ่มเติมได้ที่ teacherpd@ipst.ac.th พร้อมแจ้งหมายเลขอ้างอิง 52006 เพื่อใช้อ้างอิงและติดตามงานค่ะ"
กรุณาตรวจสอบและแก้ไขที่อยู่อีเมลให้ถูกต้องด้วยครับ/ค่ะ,"คุณครูสามารถแก้ไขได้ด้วยตนเองค่ะ ทำตามขั้นตอนดังนี้
1 ล็อกอินเข้าระบบ แล้วมาที่เมนู บัญชี ดังรูป จากนั้นระบบจะแสดงหน้าข้อมูลส่วนตัวค่ะ
2 ทำการแก้ไขข้อมูลอีเมลให้ตรงกับระบบ ENDB จากนั้นกดบันทึก ปุ่มด้านล่างค่ะ และกดปิดหน้าข้อมูลส่วนตัว
3 เมื่อแก้ไขอีเมลเรียบร้อยแล้ว คุณครูสามารถเข้าระบบ ENDB ด้วยอีเมลเดิมได้เลยค่ะ
สอบถามเพิ่มเติมได้ที่ teacherpd@ipst.ac.th พร้อมแจ้งหมายเลขอ้างอิง 52006 เพื่อใช้อ้างอิงและติดตามงานค่ะ"
ช่วยแก้ไขข้อมูลอีเมลของฉันให้เป็นอีเมลใหม่ตามที่แจ้งด้วยครับ/ค่ะ,"คุณครูสามารถแก้ไขได้ด้วยตนเองค่ะ ทำตามขั้นตอนดังนี้
1 ล็อกอินเข้าระบบ แล้วมาที่เมนู บัญชี ดังรูป จากนั้นระบบจะแสดงหน้าข้อมูลส่วนตัวค่ะ
2 ทำการแก้ไขข้อมูลอีเมลให้ตรงกับระบบ ENDB จากนั้นกดบันทึก ปุ่มด้านล่างค่ะ และกดปิดหน้าข้อมูลส่วนตัว
3 เมื่อแก้ไขอีเมลเรียบร้อยแล้ว คุณครูสามารถเข้าระบบ ENDB ด้วยอีเมลเดิมได้เลยค่ะ
สอบถามเพิ่มเติมได้ที่ teacherpd@ipst.ac.th พร้อมแจ้งหมายเลขอ้างอิง 52006 เพื่อใช้อ้างอิงและติดตามงานค่ะ"
ฉันพบว่าข้อมูลอีเมลผิดพลาด รบกวนแก้ไขให้ด้วยครับ/ค่ะ,"คุณครูสามารถแก้ไขได้ด้วยตนเองค่ะ ทำตามขั้นตอนดังนี้
1 ล็อกอินเข้าระบบ แล้วมาที่เมนู บัญชี ดังรูป จากนั้นระบบจะแสดงหน้าข้อมูลส่วนตัวค่ะ
2 ทำการแก้ไขข้อมูลอีเมลให้ตรงกับระบบ ENDB จากนั้นกดบันทึก ปุ่มด้านล่างค่ะ และกดปิดหน้าข้อมูลส่วนตัว
3 เมื่อแก้ไขอีเมลเรียบร้อยแล้ว คุณครูสามารถเข้าระบบ ENDB ด้วยอีเมลเดิมได้เลยค่ะ
สอบถามเพิ่มเติมได้ที่ teacherpd@ipst.ac.th พร้อมแจ้งหมายเลขอ้างอิง 52006 เพื่อใช้อ้างอิงและติดตามงานค่ะ"
ต้องการเปลี่ยนอีเมลในระบบเป็น [อีเมลใหม่],"คุณครูสามารถแก้ไขได้ด้วยตนเองค่ะ ทำตามขั้นตอนดังนี้
1 ล็อกอินเข้าระบบ แล้วมาที่เมนู บัญชี ดังรูป จากนั้นระบบจะแสดงหน้าข้อมูลส่วนตัวค่ะ
2 ทำการแก้ไขข้อมูลอีเมลให้ตรงกับระบบ ENDB จากนั้นกดบันทึก ปุ่มด้านล่างค่ะ และกดปิดหน้าข้อมูลส่วนตัว
3 เมื่อแก้ไขอีเมลเรียบร้อยแล้ว คุณครูสามารถเข้าระบบ ENDB ด้วยอีเมลเดิมได้เลยค่ะ
สอบถามเพิ่มเติมได้ที่ teacherpd@ipst.ac.th พร้อมแจ้งหมายเลขอ้างอิง 52006 เพื่อใช้อ้างอิงและติดตามงานค่ะ"
ช่วยอัปเดตอีเมลในบัญชีของฉันด้วยครับ/ค่ะ,"คุณครูสามารถแก้ไขได้ด้วยตนเองค่ะ ทำตามขั้นตอนดังนี้
1 ล็อกอินเข้าระบบ แล้วมาที่เมนู บัญชี ดังรูป จากนั้นระบบจะแสดงหน้าข้อมูลส่วนตัวค่ะ
2 ทำการแก้ไขข้อมูลอีเมลให้ตรงกับระบบ ENDB จากนั้นกดบันทึก ปุ่มด้านล่างค่ะ และกดปิดหน้าข้อมูลส่วนตัว
3 เมื่อแก้ไขอีเมลเรียบร้อยแล้ว คุณครูสามารถเข้าระบบ ENDB ด้วยอีเมลเดิมได้เลยค่ะ
สอบถามเพิ่มเติมได้ที่ teacherpd@ipst.ac.th พร้อมแจ้งหมายเลขอ้างอิง 52006 เพื่อใช้อ้างอิงและติดตามงานค่ะ"
ขอให้แก้ไขอีเมลเดิมเป็นอีเมลใหม่ดังนี้ครับ/ค่ะ,"คุณครูสามารถแก้ไขได้ด้วยตนเองค่ะ ทำตามขั้นตอนดังนี้
1 ล็อกอินเข้าระบบ แล้วมาที่เมนู บัญชี ดังรูป จากนั้นระบบจะแสดงหน้าข้อมูลส่วนตัวค่ะ
2 ทำการแก้ไขข้อมูลอีเมลให้ตรงกับระบบ ENDB จากนั้นกดบันทึก ปุ่มด้านล่างค่ะ และกดปิดหน้าข้อมูลส่วนตัว
3 เมื่อแก้ไขอีเมลเรียบร้อยแล้ว คุณครูสามารถเข้าระบบ ENDB ด้วยอีเมลเดิมได้เลยค่ะ
สอบถามเพิ่มเติมได้ที่ teacherpd@ipst.ac.th พร้อมแจ้งหมายเลขอ้างอิง 52006 เพื่อใช้อ้างอิงและติดตามงานค่ะ"
กรุณาเปลี่ยนอีเมลที่ใช้ติดต่อเป็นอีเมลใหม่ให้ด้วย,"คุณครูสามารถแก้ไขได้ด้วยตนเองค่ะ ทำตามขั้นตอนดังนี้
1 ล็อกอินเข้าระบบ แล้วมาที่เมนู บัญชี ดังรูป จากนั้นระบบจะแสดงหน้าข้อมูลส่วนตัวค่ะ
2 ทำการแก้ไขข้อมูลอีเมลให้ตรงกับระบบ ENDB จากนั้นกดบันทึก ปุ่มด้านล่างค่ะ และกดปิดหน้าข้อมูลส่วนตัว
3 เมื่อแก้ไขอีเมลเรียบร้อยแล้ว คุณครูสามารถเข้าระบบ ENDB ด้วยอีเมลเดิมได้เลยค่ะ
สอบถามเพิ่มเติมได้ที่ teacherpd@ipst.ac.th พร้อมแจ้งหมายเลขอ้างอิง 52006 เพื่อใช้อ้างอิงและติดตามงานค่ะ"
ต้องการแก้ไขข้อมูลอีเมลที่ใช้ในระบบ กรุณาช่วยดำเนินการด้วยครับ/ค่ะ,"คุณครูสามารถแก้ไขได้ด้วยตนเองค่ะ ทำตามขั้นตอนดังนี้
1 ล็อกอินเข้าระบบ แล้วมาที่เมนู บัญชี ดังรูป จากนั้นระบบจะแสดงหน้าข้อมูลส่วนตัวค่ะ
2 ทำการแก้ไขข้อมูลอีเมลให้ตรงกับระบบ ENDB จากนั้นกดบันทึก ปุ่มด้านล่างค่ะ และกดปิดหน้าข้อมูลส่วนตัว
3 เมื่อแก้ไขอีเมลเรียบร้อยแล้ว คุณครูสามารถเข้าระบบ ENDB ด้วยอีเมลเดิมได้เลยค่ะ
สอบถามเพิ่มเติมได้ที่ teacherpd@ipst.ac.th พร้อมแจ้งหมายเลขอ้างอิง 52006 เพื่อใช้อ้างอิงและติดตามงานค่ะ"
รบกวนเปลี่ยนที่อยู่อีเมลให้ถูกต้องตามนี้ครับ/ค่ะ,"คุณครูสามารถแก้ไขได้ด้วยตนเองค่ะ ทำตามขั้นตอนดังนี้
1 ล็อกอินเข้าระบบ แล้วมาที่เมนู บัญชี ดังรูป จากนั้นระบบจะแสดงหน้าข้อมูลส่วนตัวค่ะ
2 ทำการแก้ไขข้อมูลอีเมลให้ตรงกับระบบ ENDB จากนั้นกดบันทึก ปุ่มด้านล่างค่ะ และกดปิดหน้าข้อมูลส่วนตัว
3 เมื่อแก้ไขอีเมลเรียบร้อยแล้ว คุณครูสามารถเข้าระบบ ENDB ด้วยอีเมลเดิมได้เลยค่ะ
สอบถามเพิ่มเติมได้ที่ teacherpd@ipst.ac.th พร้อมแจ้งหมายเลขอ้างอิง 52006 เพื่อใช้อ้างอิงและติดตามงานค่ะ"
ขอโทษที่รบกวนครับ/ค่ะ ขอแก้ไขที่อยู่อีเมลให้ด้วย,"คุณครูสามารถแก้ไขได้ด้วยตนเองค่ะ ทำตามขั้นตอนดังนี้
1 ล็อกอินเข้าระบบ แล้วมาที่เมนู บัญชี ดังรูป จากนั้นระบบจะแสดงหน้าข้อมูลส่วนตัวค่ะ
2 ทำการแก้ไขข้อมูลอีเมลให้ตรงกับระบบ ENDB จากนั้นกดบันทึก ปุ่มด้านล่างค่ะ และกดปิดหน้าข้อมูลส่วนตัว
3 เมื่อแก้ไขอีเมลเรียบร้อยแล้ว คุณครูสามารถเข้าระบบ ENDB ด้วยอีเมลเดิมได้เลยค่ะ
สอบถามเพิ่มเติมได้ที่ teacherpd@ipst.ac.th พร้อมแจ้งหมายเลขอ้างอิง 52006 เพื่อใช้อ้างอิงและติดตามงานค่ะ"
ช่วยแก้ไขอีเมลในระบบให้ตรงกับข้อมูลล่าสุดด้วยครับ/ค่ะ,"คุณครูสามารถแก้ไขได้ด้วยตนเองค่ะ ทำตามขั้นตอนดังนี้
1 ล็อกอินเข้าระบบ แล้วมาที่เมนู บัญชี ดังรูป จากนั้นระบบจะแสดงหน้าข้อมูลส่วนตัวค่ะ
2 ทำการแก้ไขข้อมูลอีเมลให้ตรงกับระบบ ENDB จากนั้นกดบันทึก ปุ่มด้านล่างค่ะ และกดปิดหน้าข้อมูลส่วนตัว
3 เมื่อแก้ไขอีเมลเรียบร้อยแล้ว คุณครูสามารถเข้าระบบ ENDB ด้วยอีเมลเดิมได้เลยค่ะ
สอบถามเพิ่มเติมได้ที่ teacherpd@ipst.ac.th พร้อมแจ้งหมายเลขอ้างอิง 52006 เพื่อใช้อ้างอิงและติดตามงานค่ะ"
รบกวนอัปเดตอีเมลในโปรไฟล์ของฉันด้วยครับ/ค่ะ,"คุณครูสามารถแก้ไขได้ด้วยตนเองค่ะ ทำตามขั้นตอนดังนี้
1 ล็อกอินเข้าระบบ แล้วมาที่เมนู บัญชี ดังรูป จากนั้นระบบจะแสดงหน้าข้อมูลส่วนตัวค่ะ
2 ทำการแก้ไขข้อมูลอีเมลให้ตรงกับระบบ ENDB จากนั้นกดบันทึก ปุ่มด้านล่างค่ะ และกดปิดหน้าข้อมูลส่วนตัว
3 เมื่อแก้ไขอีเมลเรียบร้อยแล้ว คุณครูสามารถเข้าระบบ ENDB ด้วยอีเมลเดิมได้เลยค่ะ
สอบถามเพิ่มเติมได้ที่ teacherpd@ipst.ac.th พร้อมแจ้งหมายเลขอ้างอิง 52006 เพื่อใช้อ้างอิงและติดตามงานค่ะ"
ขอความอนุเคราะห์แก้ไขอีเมลที่ผิดพลาดในระบบ,"คุณครูสามารถแก้ไขได้ด้วยตนเองค่ะ ทำตามขั้นตอนดังนี้
1 ล็อกอินเข้าระบบ แล้วมาที่เมนู บัญชี ดังรูป จากนั้นระบบจะแสดงหน้าข้อมูลส่วนตัวค่ะ
2 ทำการแก้ไขข้อมูลอีเมลให้ตรงกับระบบ ENDB จากนั้นกดบันทึก ปุ่มด้านล่างค่ะ และกดปิดหน้าข้อมูลส่วนตัว
3 เมื่อแก้ไขอีเมลเรียบร้อยแล้ว คุณครูสามารถเข้าระบบ ENDB ด้วยอีเมลเดิมได้เลยค่ะ
สอบถามเพิ่มเติมได้ที่ teacherpd@ipst.ac.th พร้อมแจ้งหมายเลขอ้างอิง 52006 เพื่อใช้อ้างอิงและติดตามงานค่ะ"
กรุณาช่วยแก้ไขที่อยู่อีเมลตามข้อมูลใหม่ให้ด้วยครับ/ค่ะ,"คุณครูสามารถแก้ไขได้ด้วยตนเองค่ะ ทำตามขั้นตอนดังนี้
1 ล็อกอินเข้าระบบ แล้วมาที่เมนู บัญชี ดังรูป จากนั้นระบบจะแสดงหน้าข้อมูลส่วนตัวค่ะ
2 ทำการแก้ไขข้อมูลอีเมลให้ตรงกับระบบ ENDB จากนั้นกดบันทึก ปุ่มด้านล่างค่ะ และกดปิดหน้าข้อมูลส่วนตัว
3 เมื่อแก้ไขอีเมลเรียบร้อยแล้ว คุณครูสามารถเข้าระบบ ENDB ด้วยอีเมลเดิมได้เลยค่ะ
สอบถามเพิ่มเติมได้ที่ teacherpd@ipst.ac.th พร้อมแจ้งหมายเลขอ้างอิง 52006 เพื่อใช้อ้างอิงและติดตามงานค่ะ"
รบกวนแก้ไขข้อมูลอีเมลให้ถูกต้องด้วยครับ/ค่ะ,"คุณครูสามารถแก้ไขได้ด้วยตนเองค่ะ ทำตามขั้นตอนดังนี้
1 ล็อกอินเข้าระบบ แล้วมาที่เมนู บัญชี ดังรูป จากนั้นระบบจะแสดงหน้าข้อมูลส่วนตัวค่ะ
2 ทำการแก้ไขข้อมูลอีเมลให้ตรงกับระบบ ENDB จากนั้นกดบันทึก ปุ่มด้านล่างค่ะ และกดปิดหน้าข้อมูลส่วนตัว
3 เมื่อแก้ไขอีเมลเรียบร้อยแล้ว คุณครูสามารถเข้าระบบ ENDB ด้วยอีเมลเดิมได้เลยค่ะ
สอบถามเพิ่มเติมได้ที่ teacherpd@ipst.ac.th พร้อมแจ้งหมายเลขอ้างอิง 52006 เพื่อใช้อ้างอิงและติดตามงานค่ะ"
ขอแก้ไขอีเมลที่ลงทะเบียนไว้เป็นอีเมลใหม่ครับ/ค่ะ,"คุณครูสามารถแก้ไขได้ด้วยตนเองค่ะ ทำตามขั้นตอนดังนี้
1 ล็อกอินเข้าระบบ แล้วมาที่เมนู บัญชี ดังรูป จากนั้นระบบจะแสดงหน้าข้อมูลส่วนตัวค่ะ
2 ทำการแก้ไขข้อมูลอีเมลให้ตรงกับระบบ ENDB จากนั้นกดบันทึก ปุ่มด้านล่างค่ะ และกดปิดหน้าข้อมูลส่วนตัว
3 เมื่อแก้ไขอีเมลเรียบร้อยแล้ว คุณครูสามารถเข้าระบบ ENDB ด้วยอีเมลเดิมได้เลยค่ะ
สอบถามเพิ่มเติมได้ที่ teacherpd@ipst.ac.th พร้อมแจ้งหมายเลขอ้างอิง 52006 เพื่อใช้อ้างอิงและติดตามงานค่ะ"
ช่วยอัปเดตอีเมลใหม่ให้ในระบบด้วยครับ/ค่ะ,"คุณครูสามารถแก้ไขได้ด้วยตนเองค่ะ ทำตามขั้นตอนดังนี้
1 ล็อกอินเข้าระบบ แล้วมาที่เมนู บัญชี ดังรูป จากนั้นระบบจะแสดงหน้าข้อมูลส่วนตัวค่ะ
2 ทำการแก้ไขข้อมูลอีเมลให้ตรงกับระบบ ENDB จากนั้นกดบันทึก ปุ่มด้านล่างค่ะ และกดปิดหน้าข้อมูลส่วนตัว
3 เมื่อแก้ไขอีเมลเรียบร้อยแล้ว คุณครูสามารถเข้าระบบ ENDB ด้วยอีเมลเดิมได้เลยค่ะ
สอบถามเพิ่มเติมได้ที่ teacherpd@ipst.ac.th พร้อมแจ้งหมายเลขอ้างอิง 52006 เพื่อใช้อ้างอิงและติดตามงานค่ะ"
ต้องการเปลี่ยนอีเมลสำหรับติดต่อเป็นอีเมลนี้ครับ/ค่ะ,"คุณครูสามารถแก้ไขได้ด้วยตนเองค่ะ ทำตามขั้นตอนดังนี้
1 ล็อกอินเข้าระบบ แล้วมาที่เมนู บัญชี ดังรูป จากนั้นระบบจะแสดงหน้าข้อมูลส่วนตัวค่ะ
2 ทำการแก้ไขข้อมูลอีเมลให้ตรงกับระบบ ENDB จากนั้นกดบันทึก ปุ่มด้านล่างค่ะ และกดปิดหน้าข้อมูลส่วนตัว
3 เมื่อแก้ไขอีเมลเรียบร้อยแล้ว คุณครูสามารถเข้าระบบ ENDB ด้วยอีเมลเดิมได้เลยค่ะ
สอบถามเพิ่มเติมได้ที่ teacherpd@ipst.ac.th พร้อมแจ้งหมายเลขอ้างอิง 52006 เพื่อใช้อ้างอิงและติดตามงานค่ะ"
ขอความร่วมมือแก้ไขอีเมลในบัญชีผู้ใช้,"คุณครูสามารถแก้ไขได้ด้วยตนเองค่ะ ทำตามขั้นตอนดังนี้
1 ล็อกอินเข้าระบบ แล้วมาที่เมนู บัญชี ดังรูป จากนั้นระบบจะแสดงหน้าข้อมูลส่วนตัวค่ะ
2 ทำการแก้ไขข้อมูลอีเมลให้ตรงกับระบบ ENDB จากนั้นกดบันทึก ปุ่มด้านล่างค่ะ และกดปิดหน้าข้อมูลส่วนตัว
3 เมื่อแก้ไขอีเมลเรียบร้อยแล้ว คุณครูสามารถเข้าระบบ ENDB ด้วยอีเมลเดิมได้เลยค่ะ
สอบถามเพิ่มเติมได้ที่ teacherpd@ipst.ac.th พร้อมแจ้งหมายเลขอ้างอิง 52006 เพื่อใช้อ้างอิงและติดตามงานค่ะ"
กรุณาเปลี่ยนอีเมลในระบบตามข้อมูลใหม่ด้วยครับ/ค่ะ,"คุณครูสามารถแก้ไขได้ด้วยตนเองค่ะ ทำตามขั้นตอนดังนี้
1 ล็อกอินเข้าระบบ แล้วมาที่เมนู บัญชี ดังรูป จากนั้นระบบจะแสดงหน้าข้อมูลส่วนตัวค่ะ
2 ทำการแก้ไขข้อมูลอีเมลให้ตรงกับระบบ ENDB จากนั้นกดบันทึก ปุ่มด้านล่างค่ะ และกดปิดหน้าข้อมูลส่วนตัว
3 เมื่อแก้ไขอีเมลเรียบร้อยแล้ว คุณครูสามารถเข้าระบบ ENDB ด้วยอีเมลเดิมได้เลยค่ะ
สอบถามเพิ่มเติมได้ที่ teacherpd@ipst.ac.th พร้อมแจ้งหมายเลขอ้างอิง 52006 เพื่อใช้อ้างอิงและติดตามงานค่ะ"
ช่วยเปลี่ยนอีเมลที่อยู่ในระบบเป็นอีเมลใหม่ให้ด้วยครับ/ค่ะ,"คุณครูสามารถแก้ไขได้ด้วยตนเองค่ะ ทำตามขั้นตอนดังนี้
1 ล็อกอินเข้าระบบ แล้วมาที่เมนู บัญชี ดังรูป จากนั้นระบบจะแสดงหน้าข้อมูลส่วนตัวค่ะ
2 ทำการแก้ไขข้อมูลอีเมลให้ตรงกับระบบ ENDB จากนั้นกดบันทึก ปุ่มด้านล่างค่ะ และกดปิดหน้าข้อมูลส่วนตัว
3 เมื่อแก้ไขอีเมลเรียบร้อยแล้ว คุณครูสามารถเข้าระบบ ENDB ด้วยอีเมลเดิมได้เลยค่ะ
สอบถามเพิ่มเติมได้ที่ teacherpd@ipst.ac.th พร้อมแจ้งหมายเลขอ้างอิง 52006 เพื่อใช้อ้างอิงและติดตามงานค่ะ"
ต้องการแก้ไขข้อมูลอีเมลที่ผูกกับบัญชีนี้,"คุณครูสามารถแก้ไขได้ด้วยตนเองค่ะ ทำตามขั้นตอนดังนี้
1 ล็อกอินเข้าระบบ แล้วมาที่เมนู บัญชี ดังรูป จากนั้นระบบจะแสดงหน้าข้อมูลส่วนตัวค่ะ
2 ทำการแก้ไขข้อมูลอีเมลให้ตรงกับระบบ ENDB จากนั้นกดบันทึก ปุ่มด้านล่างค่ะ และกดปิดหน้าข้อมูลส่วนตัว
3 เมื่อแก้ไขอีเมลเรียบร้อยแล้ว คุณครูสามารถเข้าระบบ ENDB ด้วยอีเมลเดิมได้เลยค่ะ
สอบถามเพิ่มเติมได้ที่ teacherpd@ipst.ac.th พร้อมแจ้งหมายเลขอ้างอิง 52006 เพื่อใช้อ้างอิงและติดตามงานค่ะ"
รบกวนแก้ไขที่อยู่อีเมลในโปรไฟล์ของฉันให้เป็นปัจจุบัน,"คุณครูสามารถแก้ไขได้ด้วยตนเองค่ะ ทำตามขั้นตอนดังนี้
1 ล็อกอินเข้าระบบ แล้วมาที่เมนู บัญชี ดังรูป จากนั้นระบบจะแสดงหน้าข้อมูลส่วนตัวค่ะ
2 ทำการแก้ไขข้อมูลอีเมลให้ตรงกับระบบ ENDB จากนั้นกดบันทึก ปุ่มด้านล่างค่ะ และกดปิดหน้าข้อมูลส่วนตัว
3 เมื่อแก้ไขอีเมลเรียบร้อยแล้ว คุณครูสามารถเข้าระบบ ENDB ด้วยอีเมลเดิมได้เลยค่ะ
สอบถามเพิ่มเติมได้ที่ teacherpd@ipst.ac.th พร้อมแจ้งหมายเลขอ้างอิง 52006 เพื่อใช้อ้างอิงและติดตามงานค่ะ"
ช่วยอัปเดตที่อยู่อีเมลในระบบให้ตรงกับอีเมลใหม่ครับ/ค่ะ,"คุณครูสามารถแก้ไขได้ด้วยตนเองค่ะ ทำตามขั้นตอนดังนี้
1 ล็อกอินเข้าระบบ แล้วมาที่เมนู บัญชี ดังรูป จากนั้นระบบจะแสดงหน้าข้อมูลส่วนตัวค่ะ
2 ทำการแก้ไขข้อมูลอีเมลให้ตรงกับระบบ ENDB จากนั้นกดบันทึก ปุ่มด้านล่างค่ะ และกดปิดหน้าข้อมูลส่วนตัว
3 เมื่อแก้ไขอีเมลเรียบร้อยแล้ว คุณครูสามารถเข้าระบบ ENDB ด้วยอีเมลเดิมได้เลยค่ะ
สอบถามเพิ่มเติมได้ที่ teacherpd@ipst.ac.th พร้อมแจ้งหมายเลขอ้างอิง 52006 เพื่อใช้อ้างอิงและติดตามงานค่ะ"
ขอแก้ไขอีเมลที่ใช้ในการติดต่อให้เป็นอีเมลใหม่,"คุณครูสามารถแก้ไขได้ด้วยตนเองค่ะ ทำตามขั้นตอนดังนี้
1 ล็อกอินเข้าระบบ แล้วมาที่เมนู บัญชี ดังรูป จากนั้นระบบจะแสดงหน้าข้อมูลส่วนตัวค่ะ
2 ทำการแก้ไขข้อมูลอีเมลให้ตรงกับระบบ ENDB จากนั้นกดบันทึก ปุ่มด้านล่างค่ะ และกดปิดหน้าข้อมูลส่วนตัว
3 เมื่อแก้ไขอีเมลเรียบร้อยแล้ว คุณครูสามารถเข้าระบบ ENDB ด้วยอีเมลเดิมได้เลยค่ะ
สอบถามเพิ่มเติมได้ที่ teacherpd@ipst.ac.th พร้อมแจ้งหมายเลขอ้างอิง 52006 เพื่อใช้อ้างอิงและติดตามงานค่ะ"
ช่วยเปลี่ยนอีเมลในระบบเป็นอีเมลนี้แทน,"คุณครูสามารถแก้ไขได้ด้วยตนเองค่ะ ทำตามขั้นตอนดังนี้
1 ล็อกอินเข้าระบบ แล้วมาที่เมนู บัญชี ดังรูป จากนั้นระบบจะแสดงหน้าข้อมูลส่วนตัวค่ะ
2 ทำการแก้ไขข้อมูลอีเมลให้ตรงกับระบบ ENDB จากนั้นกดบันทึก ปุ่มด้านล่างค่ะ และกดปิดหน้าข้อมูลส่วนตัว
3 เมื่อแก้ไขอีเมลเรียบร้อยแล้ว คุณครูสามารถเข้าระบบ ENDB ด้วยอีเมลเดิมได้เลยค่ะ
สอบถามเพิ่มเติมได้ที่ teacherpd@ipst.ac.th พร้อมแจ้งหมายเลขอ้างอิง 52006 เพื่อใช้อ้างอิงและติดตามงานค่ะ"
กรุณาแก้ไขอีเมลในระบบให้เป็นอีเมลใหม่ด้วยครับ/ค่ะ,"คุณครูสามารถแก้ไขได้ด้วยตนเองค่ะ ทำตามขั้นตอนดังนี้
1 ล็อกอินเข้าระบบ แล้วมาที่เมนู บัญชี ดังรูป จากนั้นระบบจะแสดงหน้าข้อมูลส่วนตัวค่ะ
2 ทำการแก้ไขข้อมูลอีเมลให้ตรงกับระบบ ENDB จากนั้นกดบันทึก ปุ่มด้านล่างค่ะ และกดปิดหน้าข้อมูลส่วนตัว
3 เมื่อแก้ไขอีเมลเรียบร้อยแล้ว คุณครูสามารถเข้าระบบ ENDB ด้วยอีเมลเดิมได้เลยค่ะ
สอบถามเพิ่มเติมได้ที่ teacherpd@ipst.ac.th พร้อมแจ้งหมายเลขอ้างอิง 52006 เพื่อใช้อ้างอิงและติดตามงานค่ะ"
ต้องการเปลี่ยนแปลงอีเมลที่ใช้งานในบัญชี,"คุณครูสามารถแก้ไขได้ด้วยตนเองค่ะ ทำตามขั้นตอนดังนี้
1 ล็อกอินเข้าระบบ แล้วมาที่เมนู บัญชี ดังรูป จากนั้นระบบจะแสดงหน้าข้อมูลส่วนตัวค่ะ
2 ทำการแก้ไขข้อมูลอีเมลให้ตรงกับระบบ ENDB จากนั้นกดบันทึก ปุ่มด้านล่างค่ะ และกดปิดหน้าข้อมูลส่วนตัว
3 เมื่อแก้ไขอีเมลเรียบร้อยแล้ว คุณครูสามารถเข้าระบบ ENDB ด้วยอีเมลเดิมได้เลยค่ะ
สอบถามเพิ่มเติมได้ที่ teacherpd@ipst.ac.th พร้อมแจ้งหมายเลขอ้างอิง 52006 เพื่อใช้อ้างอิงและติดตามงานค่ะ"
ขออัปเดตอีเมลใหม่ในระบบแทนอีเมลเก่า,"คุณครูสามารถแก้ไขได้ด้วยตนเองค่ะ ทำตามขั้นตอนดังนี้
1 ล็อกอินเข้าระบบ แล้วมาที่เมนู บัญชี ดังรูป จากนั้นระบบจะแสดงหน้าข้อมูลส่วนตัวค่ะ
2 ทำการแก้ไขข้อมูลอีเมลให้ตรงกับระบบ ENDB จากนั้นกดบันทึก ปุ่มด้านล่างค่ะ และกดปิดหน้าข้อมูลส่วนตัว
3 เมื่อแก้ไขอีเมลเรียบร้อยแล้ว คุณครูสามารถเข้าระบบ ENDB ด้วยอีเมลเดิมได้เลยค่ะ
สอบถามเพิ่มเติมได้ที่ teacherpd@ipst.ac.th พร้อมแจ้งหมายเลขอ้างอิง 52006 เพื่อใช้อ้างอิงและติดตามงานค่ะ"
รบกวนแก้ไขข้อมูลอีเมลเพื่อให้เป็นข้อมูลล่าสุด,"คุณครูสามารถแก้ไขได้ด้วยตนเองค่ะ ทำตามขั้นตอนดังนี้
1 ล็อกอินเข้าระบบ แล้วมาที่เมนู บัญชี ดังรูป จากนั้นระบบจะแสดงหน้าข้อมูลส่วนตัวค่ะ
2 ทำการแก้ไขข้อมูลอีเมลให้ตรงกับระบบ ENDB จากนั้นกดบันทึก ปุ่มด้านล่างค่ะ และกดปิดหน้าข้อมูลส่วนตัว
3 เมื่อแก้ไขอีเมลเรียบร้อยแล้ว คุณครูสามารถเข้าระบบ ENDB ด้วยอีเมลเดิมได้เลยค่ะ
สอบถามเพิ่มเติมได้ที่ teacherpd@ipst.ac.th พร้อมแจ้งหมายเลขอ้างอิง 52006 เพื่อใช้อ้างอิงและติดตามงานค่ะ"
ขอความกรุณาอัปเดตอีเมลในโปรไฟล์ให้ถูกต้อง,"คุณครูสามารถแก้ไขได้ด้วยตนเองค่ะ ทำตามขั้นตอนดังนี้
1 ล็อกอินเข้าระบบ แล้วมาที่เมนู บัญชี ดังรูป จากนั้นระบบจะแสดงหน้าข้อมูลส่วนตัวค่ะ
2 ทำการแก้ไขข้อมูลอีเมลให้ตรงกับระบบ ENDB จากนั้นกดบันทึก ปุ่มด้านล่างค่ะ และกดปิดหน้าข้อมูลส่วนตัว
3 เมื่อแก้ไขอีเมลเรียบร้อยแล้ว คุณครูสามารถเข้าระบบ ENDB ด้วยอีเมลเดิมได้เลยค่ะ
สอบถามเพิ่มเติมได้ที่ teacherpd@ipst.ac.th พร้อมแจ้งหมายเลขอ้างอิง 52006 เพื่อใช้อ้างอิงและติดตามงานค่ะ"
ช่วยแก้ไขที่อยู่อีเมลในระบบเป็นอีเมลใหม่ให้ด้วยครับ/ค่ะ,"คุณครูสามารถแก้ไขได้ด้วยตนเองค่ะ ทำตามขั้นตอนดังนี้
1 ล็อกอินเข้าระบบ แล้วมาที่เมนู บัญชี ดังรูป จากนั้นระบบจะแสดงหน้าข้อมูลส่วนตัวค่ะ
2 ทำการแก้ไขข้อมูลอีเมลให้ตรงกับระบบ ENDB จากนั้นกดบันทึก ปุ่มด้านล่างค่ะ และกดปิดหน้าข้อมูลส่วนตัว
3 เมื่อแก้ไขอีเมลเรียบร้อยแล้ว คุณครูสามารถเข้าระบบ ENDB ด้วยอีเมลเดิมได้เลยค่ะ
สอบถามเพิ่มเติมได้ที่ teacherpd@ipst.ac.th พร้อมแจ้งหมายเลขอ้างอิง 52006 เพื่อใช้อ้างอิงและติดตามงานค่ะ"
ต้องการเปลี่ยนอีเมลติดต่อให้เป็นอีเมลนี้,"คุณครูสามารถแก้ไขได้ด้วยตนเองค่ะ ทำตามขั้นตอนดังนี้
1 ล็อกอินเข้าระบบ แล้วมาที่เมนู บัญชี ดังรูป จากนั้นระบบจะแสดงหน้าข้อมูลส่วนตัวค่ะ
2 ทำการแก้ไขข้อมูลอีเมลให้ตรงกับระบบ ENDB จากนั้นกดบันทึก ปุ่มด้านล่างค่ะ และกดปิดหน้าข้อมูลส่วนตัว
3 เมื่อแก้ไขอีเมลเรียบร้อยแล้ว คุณครูสามารถเข้าระบบ ENDB ด้วยอีเมลเดิมได้เลยค่ะ
สอบถามเพิ่มเติมได้ที่ teacherpd@ipst.ac.th พร้อมแจ้งหมายเลขอ้างอิง 52006 เพื่อใช้อ้างอิงและติดตามงานค่ะ"
รบกวนแก้ไขข้อมูลอีเมลที่ลงทะเบียนไว้ในระบบ,"คุณครูสามารถแก้ไขได้ด้วยตนเองค่ะ ทำตามขั้นตอนดังนี้
1 ล็อกอินเข้าระบบ แล้วมาที่เมนู บัญชี ดังรูป จากนั้นระบบจะแสดงหน้าข้อมูลส่วนตัวค่ะ
2 ทำการแก้ไขข้อมูลอีเมลให้ตรงกับระบบ ENDB จากนั้นกดบันทึก ปุ่มด้านล่างค่ะ และกดปิดหน้าข้อมูลส่วนตัว
3 เมื่อแก้ไขอีเมลเรียบร้อยแล้ว คุณครูสามารถเข้าระบบ ENDB ด้วยอีเมลเดิมได้เลยค่ะ
สอบถามเพิ่มเติมได้ที่ teacherpd@ipst.ac.th พร้อมแจ้งหมายเลขอ้างอิง 52006 เพื่อใช้อ้างอิงและติดตามงานค่ะ"
รบกวนแก้ไขข้อมูลอีเมลให้ถูกต้องด้วยครับ/ค่ะ,"คุณครูสามารถแก้ไขได้ด้วยตนเองค่ะ ทำตามขั้นตอนดังนี้
1 ล็อกอินเข้าระบบ แล้วมาที่เมนู บัญชี ดังรูป จากนั้นระบบจะแสดงหน้าข้อมูลส่วนตัวค่ะ
2 ทำการแก้ไขข้อมูลอีเมลให้ตรงกับระบบ ENDB จากนั้นกดบันทึก ปุ่มด้านล่างค่ะ และกดปิดหน้าข้อมูลส่วนตัว
3 เมื่อแก้ไขอีเมลเรียบร้อยแล้ว คุณครูสามารถเข้าระบบ ENDB ด้วยอีเมลเดิมได้เลยค่ะ
สอบถามเพิ่มเติมได้ที่ teacherpd@ipst.ac.th พร้อมแจ้งหมายเลขอ้างอิง 52006 เพื่อใช้อ้างอิงและติดตามงานค่ะ"
ขอแก้ไขอีเมลที่ลงทะเบียนไว้เป็นอีเมลใหม่ครับ/ค่ะ,"คุณครูสามารถแก้ไขได้ด้วยตนเองค่ะ ทำตามขั้นตอนดังนี้
1 ล็อกอินเข้าระบบ แล้วมาที่เมนู บัญชี ดังรูป จากนั้นระบบจะแสดงหน้าข้อมูลส่วนตัวค่ะ
2 ทำการแก้ไขข้อมูลอีเมลให้ตรงกับระบบ ENDB จากนั้นกดบันทึก ปุ่มด้านล่างค่ะ และกดปิดหน้าข้อมูลส่วนตัว
3 เมื่อแก้ไขอีเมลเรียบร้อยแล้ว คุณครูสามารถเข้าระบบ ENDB ด้วยอีเมลเดิมได้เลยค่ะ
สอบถามเพิ่มเติมได้ที่ teacherpd@ipst.ac.th พร้อมแจ้งหมายเลขอ้างอิง 52006 เพื่อใช้อ้างอิงและติดตามงานค่ะ"
ช่วยอัปเดตอีเมลใหม่ให้ในระบบด้วยครับ/ค่ะ,"คุณครูสามารถแก้ไขได้ด้วยตนเองค่ะ ทำตามขั้นตอนดังนี้
1 ล็อกอินเข้าระบบ แล้วมาที่เมนู บัญชี ดังรูป จากนั้นระบบจะแสดงหน้าข้อมูลส่วนตัวค่ะ
2 ทำการแก้ไขข้อมูลอีเมลให้ตรงกับระบบ ENDB จากนั้นกดบันทึก ปุ่มด้านล่างค่ะ และกดปิดหน้าข้อมูลส่วนตัว
3 เมื่อแก้ไขอีเมลเรียบร้อยแล้ว คุณครูสามารถเข้าระบบ ENDB ด้วยอีเมลเดิมได้เลยค่ะ
สอบถามเพิ่มเติมได้ที่ teacherpd@ipst.ac.th พร้อมแจ้งหมายเลขอ้างอิง 52006 เพื่อใช้อ้างอิงและติดตามงานค่ะ"
ต้องการเปลี่ยนอีเมลสำหรับติดต่อเป็นอีเมลนี้ครับ/ค่ะ,"คุณครูสามารถแก้ไขได้ด้วยตนเองค่ะ ทำตามขั้นตอนดังนี้
1 ล็อกอินเข้าระบบ แล้วมาที่เมนู บัญชี ดังรูป จากนั้นระบบจะแสดงหน้าข้อมูลส่วนตัวค่ะ
2 ทำการแก้ไขข้อมูลอีเมลให้ตรงกับระบบ ENDB จากนั้นกดบันทึก ปุ่มด้านล่างค่ะ และกดปิดหน้าข้อมูลส่วนตัว
3 เมื่อแก้ไขอีเมลเรียบร้อยแล้ว คุณครูสามารถเข้าระบบ ENDB ด้วยอีเมลเดิมได้เลยค่ะ
สอบถามเพิ่มเติมได้ที่ teacherpd@ipst.ac.th พร้อมแจ้งหมายเลขอ้างอิง 52006 เพื่อใช้อ้างอิงและติดตามงานค่ะ"
ขอความร่วมมือแก้ไขอีเมลในบัญชีผู้ใช้,"คุณครูสามารถแก้ไขได้ด้วยตนเองค่ะ ทำตามขั้นตอนดังนี้
1 ล็อกอินเข้าระบบ แล้วมาที่เมนู บัญชี ดังรูป จากนั้นระบบจะแสดงหน้าข้อมูลส่วนตัวค่ะ
2 ทำการแก้ไขข้อมูลอีเมลให้ตรงกับระบบ ENDB จากนั้นกดบันทึก ปุ่มด้านล่างค่ะ และกดปิดหน้าข้อมูลส่วนตัว
3 เมื่อแก้ไขอีเมลเรียบร้อยแล้ว คุณครูสามารถเข้าระบบ ENDB ด้วยอีเมลเดิมได้เลยค่ะ
สอบถามเพิ่มเติมได้ที่ teacherpd@ipst.ac.th พร้อมแจ้งหมายเลขอ้างอิง 52006 เพื่อใช้อ้างอิงและติดตามงานค่ะ"
กรุณาเปลี่ยนอีเมลในระบบตามข้อมูลใหม่ด้วยครับ/ค่ะ,"คุณครูสามารถแก้ไขได้ด้วยตนเองค่ะ ทำตามขั้นตอนดังนี้
1 ล็อกอินเข้าระบบ แล้วมาที่เมนู บัญชี ดังรูป จากนั้นระบบจะแสดงหน้าข้อมูลส่วนตัวค่ะ
2 ทำการแก้ไขข้อมูลอีเมลให้ตรงกับระบบ ENDB จากนั้นกดบันทึก ปุ่มด้านล่างค่ะ และกดปิดหน้าข้อมูลส่วนตัว
3 เมื่อแก้ไขอีเมลเรียบร้อยแล้ว คุณครูสามารถเข้าระบบ ENDB ด้วยอีเมลเดิมได้เลยค่ะ
สอบถามเพิ่มเติมได้ที่ teacherpd@ipst.ac.th พร้อมแจ้งหมายเลขอ้างอิง 52006 เพื่อใช้อ้างอิงและติดตามงานค่ะ"
ช่วยเปลี่ยนอีเมลที่อยู่ในระบบเป็นอีเมลใหม่ให้ด้วยครับ/ค่ะ,"คุณครูสามารถแก้ไขได้ด้วยตนเองค่ะ ทำตามขั้นตอนดังนี้
1 ล็อกอินเข้าระบบ แล้วมาที่เมนู บัญชี ดังรูป จากนั้นระบบจะแสดงหน้าข้อมูลส่วนตัวค่ะ
2 ทำการแก้ไขข้อมูลอีเมลให้ตรงกับระบบ ENDB จากนั้นกดบันทึก ปุ่มด้านล่างค่ะ และกดปิดหน้าข้อมูลส่วนตัว
3 เมื่อแก้ไขอีเมลเรียบร้อยแล้ว คุณครูสามารถเข้าระบบ ENDB ด้วยอีเมลเดิมได้เลยค่ะ
สอบถามเพิ่มเติมได้ที่ teacherpd@ipst.ac.th พร้อมแจ้งหมายเลขอ้างอิง 52006 เพื่อใช้อ้างอิงและติดตามงานค่ะ"
ต้องการแก้ไขข้อมูลอีเมลที่ผูกกับบัญชีนี้,"คุณครูสามารถแก้ไขได้ด้วยตนเองค่ะ ทำตามขั้นตอนดังนี้
1 ล็อกอินเข้าระบบ แล้วมาที่เมนู บัญชี ดังรูป จากนั้นระบบจะแสดงหน้าข้อมูลส่วนตัวค่ะ
2 ทำการแก้ไขข้อมูลอีเมลให้ตรงกับระบบ ENDB จากนั้นกดบันทึก ปุ่มด้านล่างค่ะ และกดปิดหน้าข้อมูลส่วนตัว
3 เมื่อแก้ไขอีเมลเรียบร้อยแล้ว คุณครูสามารถเข้าระบบ ENDB ด้วยอีเมลเดิมได้เลยค่ะ
สอบถามเพิ่มเติมได้ที่ teacherpd@ipst.ac.th พร้อมแจ้งหมายเลขอ้างอิง 52006 เพื่อใช้อ้างอิงและติดตามงานค่ะ"
รบกวนแก้ไขที่อยู่อีเมลในโปรไฟล์ของฉันให้เป็นปัจจุบัน,"คุณครูสามารถแก้ไขได้ด้วยตนเองค่ะ ทำตามขั้นตอนดังนี้
1 ล็อกอินเข้าระบบ แล้วมาที่เมนู บัญชี ดังรูป จากนั้นระบบจะแสดงหน้าข้อมูลส่วนตัวค่ะ
2 ทำการแก้ไขข้อมูลอีเมลให้ตรงกับระบบ ENDB จากนั้นกดบันทึก ปุ่มด้านล่างค่ะ และกดปิดหน้าข้อมูลส่วนตัว
3 เมื่อแก้ไขอีเมลเรียบร้อยแล้ว คุณครูสามารถเข้าระบบ ENDB ด้วยอีเมลเดิมได้เลยค่ะ
สอบถามเพิ่มเติมได้ที่ teacherpd@ipst.ac.th พร้อมแจ้งหมายเลขอ้างอิง 52006 เพื่อใช้อ้างอิงและติดตามงานค่ะ"
ช่วยอัปเดตที่อยู่อีเมลในระบบให้ตรงกับอีเมลใหม่ครับ/ค่ะ,"คุณครูสามารถแก้ไขได้ด้วยตนเองค่ะ ทำตามขั้นตอนดังนี้
1 ล็อกอินเข้าระบบ แล้วมาที่เมนู บัญชี ดังรูป จากนั้นระบบจะแสดงหน้าข้อมูลส่วนตัวค่ะ
2 ทำการแก้ไขข้อมูลอีเมลให้ตรงกับระบบ ENDB จากนั้นกดบันทึก ปุ่มด้านล่างค่ะ และกดปิดหน้าข้อมูลส่วนตัว
3 เมื่อแก้ไขอีเมลเรียบร้อยแล้ว คุณครูสามารถเข้าระบบ ENDB ด้วยอีเมลเดิมได้เลยค่ะ
สอบถามเพิ่มเติมได้ที่ teacherpd@ipst.ac.th พร้อมแจ้งหมายเลขอ้างอิง 52006 เพื่อใช้อ้างอิงและติดตามงานค่ะ"
ขอแก้ไขอีเมลที่ใช้ในการติดต่อให้เป็นอีเมลใหม่,"คุณครูสามารถแก้ไขได้ด้วยตนเองค่ะ ทำตามขั้นตอนดังนี้
1 ล็อกอินเข้าระบบ แล้วมาที่เมนู บัญชี ดังรูป จากนั้นระบบจะแสดงหน้าข้อมูลส่วนตัวค่ะ
2 ทำการแก้ไขข้อมูลอีเมลให้ตรงกับระบบ ENDB จากนั้นกดบันทึก ปุ่มด้านล่างค่ะ และกดปิดหน้าข้อมูลส่วนตัว
3 เมื่อแก้ไขอีเมลเรียบร้อยแล้ว คุณครูสามารถเข้าระบบ ENDB ด้วยอีเมลเดิมได้เลยค่ะ
สอบถามเพิ่มเติมได้ที่ teacherpd@ipst.ac.th พร้อมแจ้งหมายเลขอ้างอิง 52006 เพื่อใช้อ้างอิงและติดตามงานค่ะ"
ช่วยเปลี่ยนอีเมลในระบบเป็นอีเมลนี้แทน,"คุณครูสามารถแก้ไขได้ด้วยตนเองค่ะ ทำตามขั้นตอนดังนี้
1 ล็อกอินเข้าระบบ แล้วมาที่เมนู บัญชี ดังรูป จากนั้นระบบจะแสดงหน้าข้อมูลส่วนตัวค่ะ
2 ทำการแก้ไขข้อมูลอีเมลให้ตรงกับระบบ ENDB จากนั้นกดบันทึก ปุ่มด้านล่างค่ะ และกดปิดหน้าข้อมูลส่วนตัว
3 เมื่อแก้ไขอีเมลเรียบร้อยแล้ว คุณครูสามารถเข้าระบบ ENDB ด้วยอีเมลเดิมได้เลยค่ะ
สอบถามเพิ่มเติมได้ที่ teacherpd@ipst.ac.th พร้อมแจ้งหมายเลขอ้างอิง 52006 เพื่อใช้อ้างอิงและติดตามงานค่ะ"
กรุณาแก้ไขอีเมลในระบบให้เป็นอีเมลใหม่ด้วยครับ/ค่ะ,"คุณครูสามารถแก้ไขได้ด้วยตนเองค่ะ ทำตามขั้นตอนดังนี้
1 ล็อกอินเข้าระบบ แล้วมาที่เมนู บัญชี ดังรูป จากนั้นระบบจะแสดงหน้าข้อมูลส่วนตัวค่ะ
2 ทำการแก้ไขข้อมูลอีเมลให้ตรงกับระบบ ENDB จากนั้นกดบันทึก ปุ่มด้านล่างค่ะ และกดปิดหน้าข้อมูลส่วนตัว
3 เมื่อแก้ไขอีเมลเรียบร้อยแล้ว คุณครูสามารถเข้าระบบ ENDB ด้วยอีเมลเดิมได้เลยค่ะ
สอบถามเพิ่มเติมได้ที่ teacherpd@ipst.ac.th พร้อมแจ้งหมายเลขอ้างอิง 52006 เพื่อใช้อ้างอิงและติดตามงานค่ะ"
ต้องการเปลี่ยนแปลงอีเมลที่ใช้งานในบัญชี,"คุณครูสามารถแก้ไขได้ด้วยตนเองค่ะ ทำตามขั้นตอนดังนี้
1 ล็อกอินเข้าระบบ แล้วมาที่เมนู บัญชี ดังรูป จากนั้นระบบจะแสดงหน้าข้อมูลส่วนตัวค่ะ
2 ทำการแก้ไขข้อมูลอีเมลให้ตรงกับระบบ ENDB จากนั้นกดบันทึก ปุ่มด้านล่างค่ะ และกดปิดหน้าข้อมูลส่วนตัว
3 เมื่อแก้ไขอีเมลเรียบร้อยแล้ว คุณครูสามารถเข้าระบบ ENDB ด้วยอีเมลเดิมได้เลยค่ะ
สอบถามเพิ่มเติมได้ที่ teacherpd@ipst.ac.th พร้อมแจ้งหมายเลขอ้างอิง 52006 เพื่อใช้อ้างอิงและติดตามงานค่ะ"
ขออัปเดตอีเมลใหม่ในระบบแทนอีเมลเก่า,"คุณครูสามารถแก้ไขได้ด้วยตนเองค่ะ ทำตามขั้นตอนดังนี้
1 ล็อกอินเข้าระบบ แล้วมาที่เมนู บัญชี ดังรูป จากนั้นระบบจะแสดงหน้าข้อมูลส่วนตัวค่ะ
2 ทำการแก้ไขข้อมูลอีเมลให้ตรงกับระบบ ENDB จากนั้นกดบันทึก ปุ่มด้านล่างค่ะ และกดปิดหน้าข้อมูลส่วนตัว
3 เมื่อแก้ไขอีเมลเรียบร้อยแล้ว คุณครูสามารถเข้าระบบ ENDB ด้วยอีเมลเดิมได้เลยค่ะ
สอบถามเพิ่มเติมได้ที่ teacherpd@ipst.ac.th พร้อมแจ้งหมายเลขอ้างอิง 52006 เพื่อใช้อ้างอิงและติดตามงานค่ะ"
รบกวนแก้ไขข้อมูลอีเมลเพื่อให้เป็นข้อมูลล่าสุด,"คุณครูสามารถแก้ไขได้ด้วยตนเองค่ะ ทำตามขั้นตอนดังนี้
1 ล็อกอินเข้าระบบ แล้วมาที่เมนู บัญชี ดังรูป จากนั้นระบบจะแสดงหน้าข้อมูลส่วนตัวค่ะ
2 ทำการแก้ไขข้อมูลอีเมลให้ตรงกับระบบ ENDB จากนั้นกดบันทึก ปุ่มด้านล่างค่ะ และกดปิดหน้าข้อมูลส่วนตัว
3 เมื่อแก้ไขอีเมลเรียบร้อยแล้ว คุณครูสามารถเข้าระบบ ENDB ด้วยอีเมลเดิมได้เลยค่ะ
สอบถามเพิ่มเติมได้ที่ teacherpd@ipst.ac.th พร้อมแจ้งหมายเลขอ้างอิง 52006 เพื่อใช้อ้างอิงและติดตามงานค่ะ"
ขอความกรุณาอัปเดตอีเมลในโปรไฟล์ให้ถูกต้อง,"คุณครูสามารถแก้ไขได้ด้วยตนเองค่ะ ทำตามขั้นตอนดังนี้
1 ล็อกอินเข้าระบบ แล้วมาที่เมนู บัญชี ดังรูป จากนั้นระบบจะแสดงหน้าข้อมูลส่วนตัวค่ะ
2 ทำการแก้ไขข้อมูลอีเมลให้ตรงกับระบบ ENDB จากนั้นกดบันทึก ปุ่มด้านล่างค่ะ และกดปิดหน้าข้อมูลส่วนตัว
3 เมื่อแก้ไขอีเมลเรียบร้อยแล้ว คุณครูสามารถเข้าระบบ ENDB ด้วยอีเมลเดิมได้เลยค่ะ
สอบถามเพิ่มเติมได้ที่ teacherpd@ipst.ac.th พร้อมแจ้งหมายเลขอ้างอิง 52006 เพื่อใช้อ้างอิงและติดตามงานค่ะ"
ช่วยแก้ไขที่อยู่อีเมลในระบบเป็นอีเมลใหม่ให้ด้วยครับ/ค่ะ,"คุณครูสามารถแก้ไขได้ด้วยตนเองค่ะ ทำตามขั้นตอนดังนี้
1 ล็อกอินเข้าระบบ แล้วมาที่เมนู บัญชี ดังรูป จากนั้นระบบจะแสดงหน้าข้อมูลส่วนตัวค่ะ
2 ทำการแก้ไขข้อมูลอีเมลให้ตรงกับระบบ ENDB จากนั้นกดบันทึก ปุ่มด้านล่างค่ะ และกดปิดหน้าข้อมูลส่วนตัว
3 เมื่อแก้ไขอีเมลเรียบร้อยแล้ว คุณครูสามารถเข้าระบบ ENDB ด้วยอีเมลเดิมได้เลยค่ะ
สอบถามเพิ่มเติมได้ที่ teacherpd@ipst.ac.th พร้อมแจ้งหมายเลขอ้างอิง 52006 เพื่อใช้อ้างอิงและติดตามงานค่ะ"
ต้องการเปลี่ยนอีเมลติดต่อให้เป็นอีเมลนี้,"คุณครูสามารถแก้ไขได้ด้วยตนเองค่ะ ทำตามขั้นตอนดังนี้
1 ล็อกอินเข้าระบบ แล้วมาที่เมนู บัญชี ดังรูป จากนั้นระบบจะแสดงหน้าข้อมูลส่วนตัวค่ะ
2 ทำการแก้ไขข้อมูลอีเมลให้ตรงกับระบบ ENDB จากนั้นกดบันทึก ปุ่มด้านล่างค่ะ และกดปิดหน้าข้อมูลส่วนตัว
3 เมื่อแก้ไขอีเมลเรียบร้อยแล้ว คุณครูสามารถเข้าระบบ ENDB ด้วยอีเมลเดิมได้เลยค่ะ
สอบถามเพิ่มเติมได้ที่ teacherpd@ipst.ac.th พร้อมแจ้งหมายเลขอ้างอิง 52006 เพื่อใช้อ้างอิงและติดตามงานค่ะ"
รบกวนแก้ไขข้อมูลอีเมลที่ลงทะเบียนไว้ในระบบ,"คุณครูสามารถแก้ไขได้ด้วยตนเองค่ะ ทำตามขั้นตอนดังนี้
1 ล็อกอินเข้าระบบ แล้วมาที่เมนู บัญชี ดังรูป จากนั้นระบบจะแสดงหน้าข้อมูลส่วนตัวค่ะ
2 ทำการแก้ไขข้อมูลอีเมลให้ตรงกับระบบ ENDB จากนั้นกดบันทึก ปุ่มด้านล่างค่ะ และกดปิดหน้าข้อมูลส่วนตัว
3 เมื่อแก้ไขอีเมลเรียบร้อยแล้ว คุณครูสามารถเข้าระบบ ENDB ด้วยอีเมลเดิมได้เลยค่ะ
สอบถามเพิ่มเติมได้ที่ teacherpd@ipst.ac.th พร้อมแจ้งหมายเลขอ้างอิง 52006 เพื่อใช้อ้างอิงและติดตามงานค่ะ"
รบกวนแก้ไขข้อมูลอีเมลให้ถูกต้องด้วยครับ/ค่ะ,"คุณครูสามารถแก้ไขได้ด้วยตนเองค่ะ ทำตามขั้นตอนดังนี้
1 ล็อกอินเข้าระบบ แล้วมาที่เมนู บัญชี ดังรูป จากนั้นระบบจะแสดงหน้าข้อมูลส่วนตัวค่ะ
2 ทำการแก้ไขข้อมูลอีเมลให้ตรงกับระบบ ENDB จากนั้นกดบันทึก ปุ่มด้านล่างค่ะ และกดปิดหน้าข้อมูลส่วนตัว
3 เมื่อแก้ไขอีเมลเรียบร้อยแล้ว คุณครูสามารถเข้าระบบ ENDB ด้วยอีเมลเดิมได้เลยค่ะ
สอบถามเพิ่มเติมได้ที่ teacherpd@ipst.ac.th พร้อมแจ้งหมายเลขอ้างอิง 52006 เพื่อใช้อ้างอิงและติดตามงานค่ะ"
ขอแก้ไขอีเมลที่ลงทะเบียนไว้เป็นอีเมลใหม่ครับ/ค่ะ,"คุณครูสามารถแก้ไขได้ด้วยตนเองค่ะ ทำตามขั้นตอนดังนี้
1 ล็อกอินเข้าระบบ แล้วมาที่เมนู บัญชี ดังรูป จากนั้นระบบจะแสดงหน้าข้อมูลส่วนตัวค่ะ
2 ทำการแก้ไขข้อมูลอีเมลให้ตรงกับระบบ ENDB จากนั้นกดบันทึก ปุ่มด้านล่างค่ะ และกดปิดหน้าข้อมูลส่วนตัว
3 เมื่อแก้ไขอีเมลเรียบร้อยแล้ว คุณครูสามารถเข้าระบบ ENDB ด้วยอีเมลเดิมได้เลยค่ะ
สอบถามเพิ่มเติมได้ที่ teacherpd@ipst.ac.th พร้อมแจ้งหมายเลขอ้างอิง 52006 เพื่อใช้อ้างอิงและติดตามงานค่ะ"
ช่วยอัปเดตอีเมลใหม่ให้ในระบบด้วยครับ/ค่ะ,"คุณครูสามารถแก้ไขได้ด้วยตนเองค่ะ ทำตามขั้นตอนดังนี้
1 ล็อกอินเข้าระบบ แล้วมาที่เมนู บัญชี ดังรูป จากนั้นระบบจะแสดงหน้าข้อมูลส่วนตัวค่ะ
2 ทำการแก้ไขข้อมูลอีเมลให้ตรงกับระบบ ENDB จากนั้นกดบันทึก ปุ่มด้านล่างค่ะ และกดปิดหน้าข้อมูลส่วนตัว
3 เมื่อแก้ไขอีเมลเรียบร้อยแล้ว คุณครูสามารถเข้าระบบ ENDB ด้วยอีเมลเดิมได้เลยค่ะ
สอบถามเพิ่มเติมได้ที่ teacherpd@ipst.ac.th พร้อมแจ้งหมายเลขอ้างอิง 52006 เพื่อใช้อ้างอิงและติดตามงานค่ะ"
ต้องการเปลี่ยนอีเมลสำหรับติดต่อเป็นอีเมลนี้ครับ/ค่ะ,"คุณครูสามารถแก้ไขได้ด้วยตนเองค่ะ ทำตามขั้นตอนดังนี้
1 ล็อกอินเข้าระบบ แล้วมาที่เมนู บัญชี ดังรูป จากนั้นระบบจะแสดงหน้าข้อมูลส่วนตัวค่ะ
2 ทำการแก้ไขข้อมูลอีเมลให้ตรงกับระบบ ENDB จากนั้นกดบันทึก ปุ่มด้านล่างค่ะ และกดปิดหน้าข้อมูลส่วนตัว
3 เมื่อแก้ไขอีเมลเรียบร้อยแล้ว คุณครูสามารถเข้าระบบ ENDB ด้วยอีเมลเดิมได้เลยค่ะ
สอบถามเพิ่มเติมได้ที่ teacherpd@ipst.ac.th พร้อมแจ้งหมายเลขอ้างอิง 52006 เพื่อใช้อ้างอิงและติดตามงานค่ะ"
ขอความร่วมมือแก้ไขอีเมลในบัญชีผู้ใช้,"คุณครูสามารถแก้ไขได้ด้วยตนเองค่ะ ทำตามขั้นตอนดังนี้
1 ล็อกอินเข้าระบบ แล้วมาที่เมนู บัญชี ดังรูป จากนั้นระบบจะแสดงหน้าข้อมูลส่วนตัวค่ะ
2 ทำการแก้ไขข้อมูลอีเมลให้ตรงกับระบบ ENDB จากนั้นกดบันทึก ปุ่มด้านล่างค่ะ และกดปิดหน้าข้อมูลส่วนตัว
3 เมื่อแก้ไขอีเมลเรียบร้อยแล้ว คุณครูสามารถเข้าระบบ ENDB ด้วยอีเมลเดิมได้เลยค่ะ
สอบถามเพิ่มเติมได้ที่ teacherpd@ipst.ac.th พร้อมแจ้งหมายเลขอ้างอิง 52006 เพื่อใช้อ้างอิงและติดตามงานค่ะ"
กรุณาเปลี่ยนอีเมลในระบบตามข้อมูลใหม่ด้วยครับ/ค่ะ,"คุณครูสามารถแก้ไขได้ด้วยตนเองค่ะ ทำตามขั้นตอนดังนี้
1 ล็อกอินเข้าระบบ แล้วมาที่เมนู บัญชี ดังรูป จากนั้นระบบจะแสดงหน้าข้อมูลส่วนตัวค่ะ
2 ทำการแก้ไขข้อมูลอีเมลให้ตรงกับระบบ ENDB จากนั้นกดบันทึก ปุ่มด้านล่างค่ะ และกดปิดหน้าข้อมูลส่วนตัว
3 เมื่อแก้ไขอีเมลเรียบร้อยแล้ว คุณครูสามารถเข้าระบบ ENDB ด้วยอีเมลเดิมได้เลยค่ะ
สอบถามเพิ่มเติมได้ที่ teacherpd@ipst.ac.th พร้อมแจ้งหมายเลขอ้างอิง 52006 เพื่อใช้อ้างอิงและติดตามงานค่ะ"
ช่วยเปลี่ยนอีเมลที่อยู่ในระบบเป็นอีเมลใหม่ให้ด้วยครับ/ค่ะ,"คุณครูสามารถแก้ไขได้ด้วยตนเองค่ะ ทำตามขั้นตอนดังนี้
1 ล็อกอินเข้าระบบ แล้วมาที่เมนู บัญชี ดังรูป จากนั้นระบบจะแสดงหน้าข้อมูลส่วนตัวค่ะ
2 ทำการแก้ไขข้อมูลอีเมลให้ตรงกับระบบ ENDB จากนั้นกดบันทึก ปุ่มด้านล่างค่ะ และกดปิดหน้าข้อมูลส่วนตัว
3 เมื่อแก้ไขอีเมลเรียบร้อยแล้ว คุณครูสามารถเข้าระบบ ENDB ด้วยอีเมลเดิมได้เลยค่ะ
สอบถามเพิ่มเติมได้ที่ teacherpd@ipst.ac.th พร้อมแจ้งหมายเลขอ้างอิง 52006 เพื่อใช้อ้างอิงและติดตามงานค่ะ"
ต้องการแก้ไขข้อมูลอีเมลที่ผูกกับบัญชีนี้,"คุณครูสามารถแก้ไขได้ด้วยตนเองค่ะ ทำตามขั้นตอนดังนี้
1 ล็อกอินเข้าระบบ แล้วมาที่เมนู บัญชี ดังรูป จากนั้นระบบจะแสดงหน้าข้อมูลส่วนตัวค่ะ
2 ทำการแก้ไขข้อมูลอีเมลให้ตรงกับระบบ ENDB จากนั้นกดบันทึก ปุ่มด้านล่างค่ะ และกดปิดหน้าข้อมูลส่วนตัว
3 เมื่อแก้ไขอีเมลเรียบร้อยแล้ว คุณครูสามารถเข้าระบบ ENDB ด้วยอีเมลเดิมได้เลยค่ะ
สอบถามเพิ่มเติมได้ที่ teacherpd@ipst.ac.th พร้อมแจ้งหมายเลขอ้างอิง 52006 เพื่อใช้อ้างอิงและติดตามงานค่ะ"
รบกวนแก้ไขที่อยู่อีเมลในโปรไฟล์ของฉันให้เป็นปัจจุบัน,"คุณครูสามารถแก้ไขได้ด้วยตนเองค่ะ ทำตามขั้นตอนดังนี้
1 ล็อกอินเข้าระบบ แล้วมาที่เมนู บัญชี ดังรูป จากนั้นระบบจะแสดงหน้าข้อมูลส่วนตัวค่ะ
2 ทำการแก้ไขข้อมูลอีเมลให้ตรงกับระบบ ENDB จากนั้นกดบันทึก ปุ่มด้านล่างค่ะ และกดปิดหน้าข้อมูลส่วนตัว
3 เมื่อแก้ไขอีเมลเรียบร้อยแล้ว คุณครูสามารถเข้าระบบ ENDB ด้วยอีเมลเดิมได้เลยค่ะ
สอบถามเพิ่มเติมได้ที่ teacherpd@ipst.ac.th พร้อมแจ้งหมายเลขอ้างอิง 52006 เพื่อใช้อ้างอิงและติดตามงานค่ะ"
ช่วยอัปเดตที่อยู่อีเมลในระบบให้ตรงกับอีเมลใหม่ครับ/ค่ะ,"คุณครูสามารถแก้ไขได้ด้วยตนเองค่ะ ทำตามขั้นตอนดังนี้
1 ล็อกอินเข้าระบบ แล้วมาที่เมนู บัญชี ดังรูป จากนั้นระบบจะแสดงหน้าข้อมูลส่วนตัวค่ะ
2 ทำการแก้ไขข้อมูลอีเมลให้ตรงกับระบบ ENDB จากนั้นกดบันทึก ปุ่มด้านล่างค่ะ และกดปิดหน้าข้อมูลส่วนตัว
3 เมื่อแก้ไขอีเมลเรียบร้อยแล้ว คุณครูสามารถเข้าระบบ ENDB ด้วยอีเมลเดิมได้เลยค่ะ
สอบถามเพิ่มเติมได้ที่ teacherpd@ipst.ac.th พร้อมแจ้งหมายเลขอ้างอิง 52006 เพื่อใช้อ้างอิงและติดตามงานค่ะ"
ขอแก้ไขอีเมลที่ใช้ในการติดต่อให้เป็นอีเมลใหม่,"คุณครูสามารถแก้ไขได้ด้วยตนเองค่ะ ทำตามขั้นตอนดังนี้
1 ล็อกอินเข้าระบบ แล้วมาที่เมนู บัญชี ดังรูป จากนั้นระบบจะแสดงหน้าข้อมูลส่วนตัวค่ะ
2 ทำการแก้ไขข้อมูลอีเมลให้ตรงกับระบบ ENDB จากนั้นกดบันทึก ปุ่มด้านล่างค่ะ และกดปิดหน้าข้อมูลส่วนตัว
3 เมื่อแก้ไขอีเมลเรียบร้อยแล้ว คุณครูสามารถเข้าระบบ ENDB ด้วยอีเมลเดิมได้เลยค่ะ
สอบถามเพิ่มเติมได้ที่ teacherpd@ipst.ac.th พร้อมแจ้งหมายเลขอ้างอิง 52006 เพื่อใช้อ้างอิงและติดตามงานค่ะ"
ช่วยเปลี่ยนอีเมลในระบบเป็นอีเมลนี้แทน,"คุณครูสามารถแก้ไขได้ด้วยตนเองค่ะ ทำตามขั้นตอนดังนี้
1 ล็อกอินเข้าระบบ แล้วมาที่เมนู บัญชี ดังรูป จากนั้นระบบจะแสดงหน้าข้อมูลส่วนตัวค่ะ
2 ทำการแก้ไขข้อมูลอีเมลให้ตรงกับระบบ ENDB จากนั้นกดบันทึก ปุ่มด้านล่างค่ะ และกดปิดหน้าข้อมูลส่วนตัว
3 เมื่อแก้ไขอีเมลเรียบร้อยแล้ว คุณครูสามารถเข้าระบบ ENDB ด้วยอีเมลเดิมได้เลยค่ะ
สอบถามเพิ่มเติมได้ที่ teacherpd@ipst.ac.th พร้อมแจ้งหมายเลขอ้างอิง 52006 เพื่อใช้อ้างอิงและติดตามงานค่ะ"
กรุณาแก้ไขอีเมลในระบบให้เป็นอีเมลใหม่ด้วยครับ/ค่ะ,"คุณครูสามารถแก้ไขได้ด้วยตนเองค่ะ ทำตามขั้นตอนดังนี้
1 ล็อกอินเข้าระบบ แล้วมาที่เมนู บัญชี ดังรูป จากนั้นระบบจะแสดงหน้าข้อมูลส่วนตัวค่ะ
2 ทำการแก้ไขข้อมูลอีเมลให้ตรงกับระบบ ENDB จากนั้นกดบันทึก ปุ่มด้านล่างค่ะ และกดปิดหน้าข้อมูลส่วนตัว
3 เมื่อแก้ไขอีเมลเรียบร้อยแล้ว คุณครูสามารถเข้าระบบ ENDB ด้วยอีเมลเดิมได้เลยค่ะ
สอบถามเพิ่มเติมได้ที่ teacherpd@ipst.ac.th พร้อมแจ้งหมายเลขอ้างอิง 52006 เพื่อใช้อ้างอิงและติดตามงานค่ะ"
ต้องการเปลี่ยนแปลงอีเมลที่ใช้งานในบัญชี,"คุณครูสามารถแก้ไขได้ด้วยตนเองค่ะ ทำตามขั้นตอนดังนี้
1 ล็อกอินเข้าระบบ แล้วมาที่เมนู บัญชี ดังรูป จากนั้นระบบจะแสดงหน้าข้อมูลส่วนตัวค่ะ
2 ทำการแก้ไขข้อมูลอีเมลให้ตรงกับระบบ ENDB จากนั้นกดบันทึก ปุ่มด้านล่างค่ะ และกดปิดหน้าข้อมูลส่วนตัว
3 เมื่อแก้ไขอีเมลเรียบร้อยแล้ว คุณครูสามารถเข้าระบบ ENDB ด้วยอีเมลเดิมได้เลยค่ะ
สอบถามเพิ่มเติมได้ที่ teacherpd@ipst.ac.th พร้อมแจ้งหมายเลขอ้างอิง 52006 เพื่อใช้อ้างอิงและติดตามงานค่ะ"
ขออัปเดตอีเมลใหม่ในระบบแทนอีเมลเก่า,"คุณครูสามารถแก้ไขได้ด้วยตนเองค่ะ ทำตามขั้นตอนดังนี้
1 ล็อกอินเข้าระบบ แล้วมาที่เมนู บัญชี ดังรูป จากนั้นระบบจะแสดงหน้าข้อมูลส่วนตัวค่ะ
2 ทำการแก้ไขข้อมูลอีเมลให้ตรงกับระบบ ENDB จากนั้นกดบันทึก ปุ่มด้านล่างค่ะ และกดปิดหน้าข้อมูลส่วนตัว
3 เมื่อแก้ไขอีเมลเรียบร้อยแล้ว คุณครูสามารถเข้าระบบ ENDB ด้วยอีเมลเดิมได้เลยค่ะ
สอบถามเพิ่มเติมได้ที่ teacherpd@ipst.ac.th พร้อมแจ้งหมายเลขอ้างอิง 52006 เพื่อใช้อ้างอิงและติดตามงานค่ะ"
รบกวนแก้ไขข้อมูลอีเมลเพื่อให้เป็นข้อมูลล่าสุด,"คุณครูสามารถแก้ไขได้ด้วยตนเองค่ะ ทำตามขั้นตอนดังนี้
1 ล็อกอินเข้าระบบ แล้วมาที่เมนู บัญชี ดังรูป จากนั้นระบบจะแสดงหน้าข้อมูลส่วนตัวค่ะ
2 ทำการแก้ไขข้อมูลอีเมลให้ตรงกับระบบ ENDB จากนั้นกดบันทึก ปุ่มด้านล่างค่ะ และกดปิดหน้าข้อมูลส่วนตัว
3 เมื่อแก้ไขอีเมลเรียบร้อยแล้ว คุณครูสามารถเข้าระบบ ENDB ด้วยอีเมลเดิมได้เลยค่ะ
สอบถามเพิ่มเติมได้ที่ teacherpd@ipst.ac.th พร้อมแจ้งหมายเลขอ้างอิง 52006 เพื่อใช้อ้างอิงและติดตามงานค่ะ"
ขอความกรุณาอัปเดตอีเมลในโปรไฟล์ให้ถูกต้อง,"คุณครูสามารถแก้ไขได้ด้วยตนเองค่ะ ทำตามขั้นตอนดังนี้
1 ล็อกอินเข้าระบบ แล้วมาที่เมนู บัญชี ดังรูป จากนั้นระบบจะแสดงหน้าข้อมูลส่วนตัวค่ะ
2 ทำการแก้ไขข้อมูลอีเมลให้ตรงกับระบบ ENDB จากนั้นกดบันทึก ปุ่มด้านล่างค่ะ และกดปิดหน้าข้อมูลส่วนตัว
3 เมื่อแก้ไขอีเมลเรียบร้อยแล้ว คุณครูสามารถเข้าระบบ ENDB ด้วยอีเมลเดิมได้เลยค่ะ
สอบถามเพิ่มเติมได้ที่ teacherpd@ipst.ac.th พร้อมแจ้งหมายเลขอ้างอิง 52006 เพื่อใช้อ้างอิงและติดตามงานค่ะ"
ช่วยแก้ไขที่อยู่อีเมลในระบบเป็นอีเมลใหม่ให้ด้วยครับ/ค่ะ,"คุณครูสามารถแก้ไขได้ด้วยตนเองค่ะ ทำตามขั้นตอนดังนี้
1 ล็อกอินเข้าระบบ แล้วมาที่เมนู บัญชี ดังรูป จากนั้นระบบจะแสดงหน้าข้อมูลส่วนตัวค่ะ
2 ทำการแก้ไขข้อมูลอีเมลให้ตรงกับระบบ ENDB จากนั้นกดบันทึก ปุ่มด้านล่างค่ะ และกดปิดหน้าข้อมูลส่วนตัว
3 เมื่อแก้ไขอีเมลเรียบร้อยแล้ว คุณครูสามารถเข้าระบบ ENDB ด้วยอีเมลเดิมได้เลยค่ะ
สอบถามเพิ่มเติมได้ที่ teacherpd@ipst.ac.th พร้อมแจ้งหมายเลขอ้างอิง 52006 เพื่อใช้อ้างอิงและติดตามงานค่ะ"
ต้องการเปลี่ยนอีเมลติดต่อให้เป็นอีเมลนี้,"คุณครูสามารถแก้ไขได้ด้วยตนเองค่ะ ทำตามขั้นตอนดังนี้
1 ล็อกอินเข้าระบบ แล้วมาที่เมนู บัญชี ดังรูป จากนั้นระบบจะแสดงหน้าข้อมูลส่วนตัวค่ะ
2 ทำการแก้ไขข้อมูลอีเมลให้ตรงกับระบบ ENDB จากนั้นกดบันทึก ปุ่มด้านล่างค่ะ และกดปิดหน้าข้อมูลส่วนตัว
3 เมื่อแก้ไขอีเมลเรียบร้อยแล้ว คุณครูสามารถเข้าระบบ ENDB ด้วยอีเมลเดิมได้เลยค่ะ
สอบถามเพิ่มเติมได้ที่ teacherpd@ipst.ac.th พร้อมแจ้งหมายเลขอ้างอิง 52006 เพื่อใช้อ้างอิงและติดตามงานค่ะ"
รบกวนแก้ไขข้อมูลอีเมลที่ลงทะเบียนไว้ในระบบ,"คุณครูสามารถแก้ไขได้ด้วยตนเองค่ะ ทำตามขั้นตอนดังนี้
1 ล็อกอินเข้าระบบ แล้วมาที่เมนู บัญชี ดังรูป จากนั้นระบบจะแสดงหน้าข้อมูลส่วนตัวค่ะ
2 ทำการแก้ไขข้อมูลอีเมลให้ตรงกับระบบ ENDB จากนั้นกดบันทึก ปุ่มด้านล่างค่ะ และกดปิดหน้าข้อมูลส่วนตัว
3 เมื่อแก้ไขอีเมลเรียบร้อยแล้ว คุณครูสามารถเข้าระบบ ENDB ด้วยอีเมลเดิมได้เลยค่ะ
สอบถามเพิ่มเติมได้ที่ teacherpd@ipst.ac.th พร้อมแจ้งหมายเลขอ้างอิง 52006 เพื่อใช้อ้างอิงและติดตามงานค่ะ"
รบกวนแก้ไขข้อมูลอีเมลให้ถูกต้องด้วยครับ/ค่ะ,"คุณครูสามารถแก้ไขได้ด้วยตนเองค่ะ ทำตามขั้นตอนดังนี้
1 ล็อกอินเข้าระบบ แล้วมาที่เมนู บัญชี ดังรูป จากนั้นระบบจะแสดงหน้าข้อมูลส่วนตัวค่ะ
2 ทำการแก้ไขข้อมูลอีเมลให้ตรงกับระบบ ENDB จากนั้นกดบันทึก ปุ่มด้านล่างค่ะ และกดปิดหน้าข้อมูลส่วนตัว
3 เมื่อแก้ไขอีเมลเรียบร้อยแล้ว คุณครูสามารถเข้าระบบ ENDB ด้วยอีเมลเดิมได้เลยค่ะ
สอบถามเพิ่มเติมได้ที่ teacherpd@ipst.ac.th พร้อมแจ้งหมายเลขอ้างอิง 52006 เพื่อใช้อ้างอิงและติดตามงานค่ะ"
ขอแก้ไขอีเมลที่ลงทะเบียนไว้เป็นอีเมลใหม่ครับ/ค่ะ,"คุณครูสามารถแก้ไขได้ด้วยตนเองค่ะ ทำตามขั้นตอนดังนี้
1 ล็อกอินเข้าระบบ แล้วมาที่เมนู บัญชี ดังรูป จากนั้นระบบจะแสดงหน้าข้อมูลส่วนตัวค่ะ
2 ทำการแก้ไขข้อมูลอีเมลให้ตรงกับระบบ ENDB จากนั้นกดบันทึก ปุ่มด้านล่างค่ะ และกดปิดหน้าข้อมูลส่วนตัว
3 เมื่อแก้ไขอีเมลเรียบร้อยแล้ว คุณครูสามารถเข้าระบบ ENDB ด้วยอีเมลเดิมได้เลยค่ะ
สอบถามเพิ่มเติมได้ที่ teacherpd@ipst.ac.th พร้อมแจ้งหมายเลขอ้างอิง 52006 เพื่อใช้อ้างอิงและติดตามงานค่ะ"
ช่วยอัปเดตอีเมลใหม่ให้ในระบบด้วยครับ/ค่ะ,"คุณครูสามารถแก้ไขได้ด้วยตนเองค่ะ ทำตามขั้นตอนดังนี้
1 ล็อกอินเข้าระบบ แล้วมาที่เมนู บัญชี ดังรูป จากนั้นระบบจะแสดงหน้าข้อมูลส่วนตัวค่ะ
2 ทำการแก้ไขข้อมูลอีเมลให้ตรงกับระบบ ENDB จากนั้นกดบันทึก ปุ่มด้านล่างค่ะ และกดปิดหน้าข้อมูลส่วนตัว
3 เมื่อแก้ไขอีเมลเรียบร้อยแล้ว คุณครูสามารถเข้าระบบ ENDB ด้วยอีเมลเดิมได้เลยค่ะ
สอบถามเพิ่มเติมได้ที่ teacherpd@ipst.ac.th พร้อมแจ้งหมายเลขอ้างอิง 52006 เพื่อใช้อ้างอิงและติดตามงานค่ะ"
ต้องการเปลี่ยนอีเมลสำหรับติดต่อเป็นอีเมลนี้ครับ/ค่ะ,"คุณครูสามารถแก้ไขได้ด้วยตนเองค่ะ ทำตามขั้นตอนดังนี้
1 ล็อกอินเข้าระบบ แล้วมาที่เมนู บัญชี ดังรูป จากนั้นระบบจะแสดงหน้าข้อมูลส่วนตัวค่ะ
2 ทำการแก้ไขข้อมูลอีเมลให้ตรงกับระบบ ENDB จากนั้นกดบันทึก ปุ่มด้านล่างค่ะ และกดปิดหน้าข้อมูลส่วนตัว
3 เมื่อแก้ไขอีเมลเรียบร้อยแล้ว คุณครูสามารถเข้าระบบ ENDB ด้วยอีเมลเดิมได้เลยค่ะ
สอบถามเพิ่มเติมได้ที่ teacherpd@ipst.ac.th พร้อมแจ้งหมายเลขอ้างอิง 52006 เพื่อใช้อ้างอิงและติดตามงานค่ะ"
ขอความร่วมมือแก้ไขอีเมลในบัญชีผู้ใช้,"คุณครูสามารถแก้ไขได้ด้วยตนเองค่ะ ทำตามขั้นตอนดังนี้
1 ล็อกอินเข้าระบบ แล้วมาที่เมนู บัญชี ดังรูป จากนั้นระบบจะแสดงหน้าข้อมูลส่วนตัวค่ะ
2 ทำการแก้ไขข้อมูลอีเมลให้ตรงกับระบบ ENDB จากนั้นกดบันทึก ปุ่มด้านล่างค่ะ และกดปิดหน้าข้อมูลส่วนตัว
3 เมื่อแก้ไขอีเมลเรียบร้อยแล้ว คุณครูสามารถเข้าระบบ ENDB ด้วยอีเมลเดิมได้เลยค่ะ
สอบถามเพิ่มเติมได้ที่ teacherpd@ipst.ac.th พร้อมแจ้งหมายเลขอ้างอิง 52006 เพื่อใช้อ้างอิงและติดตามงานค่ะ"
กรุณาเปลี่ยนอีเมลในระบบตามข้อมูลใหม่ด้วยครับ/ค่ะ,"คุณครูสามารถแก้ไขได้ด้วยตนเองค่ะ ทำตามขั้นตอนดังนี้
1 ล็อกอินเข้าระบบ แล้วมาที่เมนู บัญชี ดังรูป จากนั้นระบบจะแสดงหน้าข้อมูลส่วนตัวค่ะ
2 ทำการแก้ไขข้อมูลอีเมลให้ตรงกับระบบ ENDB จากนั้นกดบันทึก ปุ่มด้านล่างค่ะ และกดปิดหน้าข้อมูลส่วนตัว
3 เมื่อแก้ไขอีเมลเรียบร้อยแล้ว คุณครูสามารถเข้าระบบ ENDB ด้วยอีเมลเดิมได้เลยค่ะ
สอบถามเพิ่มเติมได้ที่ teacherpd@ipst.ac.th พร้อมแจ้งหมายเลขอ้างอิง 52006 เพื่อใช้อ้างอิงและติดตามงานค่ะ"
ช่วยเปลี่ยนอีเมลที่อยู่ในระบบเป็นอีเมลใหม่ให้ด้วยครับ/ค่ะ,"คุณครูสามารถแก้ไขได้ด้วยตนเองค่ะ ทำตามขั้นตอนดังนี้
1 ล็อกอินเข้าระบบ แล้วมาที่เมนู บัญชี ดังรูป จากนั้นระบบจะแสดงหน้าข้อมูลส่วนตัวค่ะ
2 ทำการแก้ไขข้อมูลอีเมลให้ตรงกับระบบ ENDB จากนั้นกดบันทึก ปุ่มด้านล่างค่ะ และกดปิดหน้าข้อมูลส่วนตัว
3 เมื่อแก้ไขอีเมลเรียบร้อยแล้ว คุณครูสามารถเข้าระบบ ENDB ด้วยอีเมลเดิมได้เลยค่ะ
สอบถามเพิ่มเติมได้ที่ teacherpd@ipst.ac.th พร้อมแจ้งหมายเลขอ้างอิง 52006 เพื่อใช้อ้างอิงและติดตามงานค่ะ"
ต้องการแก้ไขข้อมูลอีเมลที่ผูกกับบัญชีนี้,"คุณครูสามารถแก้ไขได้ด้วยตนเองค่ะ ทำตามขั้นตอนดังนี้
1 ล็อกอินเข้าระบบ แล้วมาที่เมนู บัญชี ดังรูป จากนั้นระบบจะแสดงหน้าข้อมูลส่วนตัวค่ะ
2 ทำการแก้ไขข้อมูลอีเมลให้ตรงกับระบบ ENDB จากนั้นกดบันทึก ปุ่มด้านล่างค่ะ และกดปิดหน้าข้อมูลส่วนตัว
3 เมื่อแก้ไขอีเมลเรียบร้อยแล้ว คุณครูสามารถเข้าระบบ ENDB ด้วยอีเมลเดิมได้เลยค่ะ
สอบถามเพิ่มเติมได้ที่ teacherpd@ipst.ac.th พร้อมแจ้งหมายเลขอ้างอิง 52006 เพื่อใช้อ้างอิงและติดตามงานค่ะ"
รบกวนแก้ไขที่อยู่อีเมลในโปรไฟล์ของฉันให้เป็นปัจจุบัน,"คุณครูสามารถแก้ไขได้ด้วยตนเองค่ะ ทำตามขั้นตอนดังนี้
1 ล็อกอินเข้าระบบ แล้วมาที่เมนู บัญชี ดังรูป จากนั้นระบบจะแสดงหน้าข้อมูลส่วนตัวค่ะ
2 ทำการแก้ไขข้อมูลอีเมลให้ตรงกับระบบ ENDB จากนั้นกดบันทึก ปุ่มด้านล่างค่ะ และกดปิดหน้าข้อมูลส่วนตัว
3 เมื่อแก้ไขอีเมลเรียบร้อยแล้ว คุณครูสามารถเข้าระบบ ENDB ด้วยอีเมลเดิมได้เลยค่ะ
สอบถามเพิ่มเติมได้ที่ teacherpd@ipst.ac.th พร้อมแจ้งหมายเลขอ้างอิง 52006 เพื่อใช้อ้างอิงและติดตามงานค่ะ"
ช่วยอัปเดตที่อยู่อีเมลในระบบให้ตรงกับอีเมลใหม่ครับ/ค่ะ,"คุณครูสามารถแก้ไขได้ด้วยตนเองค่ะ ทำตามขั้นตอนดังนี้
1 ล็อกอินเข้าระบบ แล้วมาที่เมนู บัญชี ดังรูป จากนั้นระบบจะแสดงหน้าข้อมูลส่วนตัวค่ะ
2 ทำการแก้ไขข้อมูลอีเมลให้ตรงกับระบบ ENDB จากนั้นกดบันทึก ปุ่มด้านล่างค่ะ และกดปิดหน้าข้อมูลส่วนตัว
3 เมื่อแก้ไขอีเมลเรียบร้อยแล้ว คุณครูสามารถเข้าระบบ ENDB ด้วยอีเมลเดิมได้เลยค่ะ
สอบถามเพิ่มเติมได้ที่ teacherpd@ipst.ac.th พร้อมแจ้งหมายเลขอ้างอิง 52006 เพื่อใช้อ้างอิงและติดตามงานค่ะ"
ขอแก้ไขอีเมลที่ใช้ในการติดต่อให้เป็นอีเมลใหม่,"คุณครูสามารถแก้ไขได้ด้วยตนเองค่ะ ทำตามขั้นตอนดังนี้
1 ล็อกอินเข้าระบบ แล้วมาที่เมนู บัญชี ดังรูป จากนั้นระบบจะแสดงหน้าข้อมูลส่วนตัวค่ะ
2 ทำการแก้ไขข้อมูลอีเมลให้ตรงกับระบบ ENDB จากนั้นกดบันทึก ปุ่มด้านล่างค่ะ และกดปิดหน้าข้อมูลส่วนตัว
3 เมื่อแก้ไขอีเมลเรียบร้อยแล้ว คุณครูสามารถเข้าระบบ ENDB ด้วยอีเมลเดิมได้เลยค่ะ
สอบถามเพิ่มเติมได้ที่ teacherpd@ipst.ac.th พร้อมแจ้งหมายเลขอ้างอิง 52006 เพื่อใช้อ้างอิงและติดตามงานค่ะ"
ช่วยเปลี่ยนอีเมลในระบบเป็นอีเมลนี้แทน,"คุณครูสามารถแก้ไขได้ด้วยตนเองค่ะ ทำตามขั้นตอนดังนี้
1 ล็อกอินเข้าระบบ แล้วมาที่เมนู บัญชี ดังรูป จากนั้นระบบจะแสดงหน้าข้อมูลส่วนตัวค่ะ
2 ทำการแก้ไขข้อมูลอีเมลให้ตรงกับระบบ ENDB จากนั้นกดบันทึก ปุ่มด้านล่างค่ะ และกดปิดหน้าข้อมูลส่วนตัว
3 เมื่อแก้ไขอีเมลเรียบร้อยแล้ว คุณครูสามารถเข้าระบบ ENDB ด้วยอีเมลเดิมได้เลยค่ะ
สอบถามเพิ่มเติมได้ที่ teacherpd@ipst.ac.th พร้อมแจ้งหมายเลขอ้างอิง 52006 เพื่อใช้อ้างอิงและติดตามงานค่ะ"
กรุณาแก้ไขอีเมลในระบบให้เป็นอีเมลใหม่ด้วยครับ/ค่ะ,"คุณครูสามารถแก้ไขได้ด้วยตนเองค่ะ ทำตามขั้นตอนดังนี้
1 ล็อกอินเข้าระบบ แล้วมาที่เมนู บัญชี ดังรูป จากนั้นระบบจะแสดงหน้าข้อมูลส่วนตัวค่ะ
2 ทำการแก้ไขข้อมูลอีเมลให้ตรงกับระบบ ENDB จากนั้นกดบันทึก ปุ่มด้านล่างค่ะ และกดปิดหน้าข้อมูลส่วนตัว
3 เมื่อแก้ไขอีเมลเรียบร้อยแล้ว คุณครูสามารถเข้าระบบ ENDB ด้วยอีเมลเดิมได้เลยค่ะ
สอบถามเพิ่มเติมได้ที่ teacherpd@ipst.ac.th พร้อมแจ้งหมายเลขอ้างอิง 52006 เพื่อใช้อ้างอิงและติดตามงานค่ะ"
ต้องการเปลี่ยนแปลงอีเมลที่ใช้งานในบัญชี,"คุณครูสามารถแก้ไขได้ด้วยตนเองค่ะ ทำตามขั้นตอนดังนี้
1 ล็อกอินเข้าระบบ แล้วมาที่เมนู บัญชี ดังรูป จากนั้นระบบจะแสดงหน้าข้อมูลส่วนตัวค่ะ
2 ทำการแก้ไขข้อมูลอีเมลให้ตรงกับระบบ ENDB จากนั้นกดบันทึก ปุ่มด้านล่างค่ะ และกดปิดหน้าข้อมูลส่วนตัว
3 เมื่อแก้ไขอีเมลเรียบร้อยแล้ว คุณครูสามารถเข้าระบบ ENDB ด้วยอีเมลเดิมได้เลยค่ะ
สอบถามเพิ่มเติมได้ที่ teacherpd@ipst.ac.th พร้อมแจ้งหมายเลขอ้างอิง 52006 เพื่อใช้อ้างอิงและติดตามงานค่ะ"
ขออัปเดตอีเมลใหม่ในระบบแทนอีเมลเก่า,"คุณครูสามารถแก้ไขได้ด้วยตนเองค่ะ ทำตามขั้นตอนดังนี้
1 ล็อกอินเข้าระบบ แล้วมาที่เมนู บัญชี ดังรูป จากนั้นระบบจะแสดงหน้าข้อมูลส่วนตัวค่ะ
2 ทำการแก้ไขข้อมูลอีเมลให้ตรงกับระบบ ENDB จากนั้นกดบันทึก ปุ่มด้านล่างค่ะ และกดปิดหน้าข้อมูลส่วนตัว
3 เมื่อแก้ไขอีเมลเรียบร้อยแล้ว คุณครูสามารถเข้าระบบ ENDB ด้วยอีเมลเดิมได้เลยค่ะ
สอบถามเพิ่มเติมได้ที่ teacherpd@ipst.ac.th พร้อมแจ้งหมายเลขอ้างอิง 52006 เพื่อใช้อ้างอิงและติดตามงานค่ะ"
รบกวนแก้ไขข้อมูลอีเมลเพื่อให้เป็นข้อมูลล่าสุด,"คุณครูสามารถแก้ไขได้ด้วยตนเองค่ะ ทำตามขั้นตอนดังนี้
1 ล็อกอินเข้าระบบ แล้วมาที่เมนู บัญชี ดังรูป จากนั้นระบบจะแสดงหน้าข้อมูลส่วนตัวค่ะ
2 ทำการแก้ไขข้อมูลอีเมลให้ตรงกับระบบ ENDB จากนั้นกดบันทึก ปุ่มด้านล่างค่ะ และกดปิดหน้าข้อมูลส่วนตัว
3 เมื่อแก้ไขอีเมลเรียบร้อยแล้ว คุณครูสามารถเข้าระบบ ENDB ด้วยอีเมลเดิมได้เลยค่ะ
สอบถามเพิ่มเติมได้ที่ teacherpd@ipst.ac.th พร้อมแจ้งหมายเลขอ้างอิง 52006 เพื่อใช้อ้างอิงและติดตามงานค่ะ"
ขอความกรุณาอัปเดตอีเมลในโปรไฟล์ให้ถูกต้อง,"คุณครูสามารถแก้ไขได้ด้วยตนเองค่ะ ทำตามขั้นตอนดังนี้
1 ล็อกอินเข้าระบบ แล้วมาที่เมนู บัญชี ดังรูป จากนั้นระบบจะแสดงหน้าข้อมูลส่วนตัวค่ะ
2 ทำการแก้ไขข้อมูลอีเมลให้ตรงกับระบบ ENDB จากนั้นกดบันทึก ปุ่มด้านล่างค่ะ และกดปิดหน้าข้อมูลส่วนตัว
3 เมื่อแก้ไขอีเมลเรียบร้อยแล้ว คุณครูสามารถเข้าระบบ ENDB ด้วยอีเมลเดิมได้เลยค่ะ
สอบถามเพิ่มเติมได้ที่ teacherpd@ipst.ac.th พร้อมแจ้งหมายเลขอ้างอิง 52006 เพื่อใช้อ้างอิงและติดตามงานค่ะ"
ช่วยแก้ไขที่อยู่อีเมลในระบบเป็นอีเมลใหม่ให้ด้วยครับ/ค่ะ,"คุณครูสามารถแก้ไขได้ด้วยตนเองค่ะ ทำตามขั้นตอนดังนี้
1 ล็อกอินเข้าระบบ แล้วมาที่เมนู บัญชี ดังรูป จากนั้นระบบจะแสดงหน้าข้อมูลส่วนตัวค่ะ
2 ทำการแก้ไขข้อมูลอีเมลให้ตรงกับระบบ ENDB จากนั้นกดบันทึก ปุ่มด้านล่างค่ะ และกดปิดหน้าข้อมูลส่วนตัว
3 เมื่อแก้ไขอีเมลเรียบร้อยแล้ว คุณครูสามารถเข้าระบบ ENDB ด้วยอีเมลเดิมได้เลยค่ะ
สอบถามเพิ่มเติมได้ที่ teacherpd@ipst.ac.th พร้อมแจ้งหมายเลขอ้างอิง 52006 เพื่อใช้อ้างอิงและติดตามงานค่ะ"
ต้องการเปลี่ยนอีเมลติดต่อให้เป็นอีเมลนี้,"คุณครูสามารถแก้ไขได้ด้วยตนเองค่ะ ทำตามขั้นตอนดังนี้
1 ล็อกอินเข้าระบบ แล้วมาที่เมนู บัญชี ดังรูป จากนั้นระบบจะแสดงหน้าข้อมูลส่วนตัวค่ะ
2 ทำการแก้ไขข้อมูลอีเมลให้ตรงกับระบบ ENDB จากนั้นกดบันทึก ปุ่มด้านล่างค่ะ และกดปิดหน้าข้อมูลส่วนตัว
3 เมื่อแก้ไขอีเมลเรียบร้อยแล้ว คุณครูสามารถเข้าระบบ ENDB ด้วยอีเมลเดิมได้เลยค่ะ
สอบถามเพิ่มเติมได้ที่ teacherpd@ipst.ac.th พร้อมแจ้งหมายเลขอ้างอิง 52006 เพื่อใช้อ้างอิงและติดตามงานค่ะ"
รบกวนแก้ไขข้อมูลอีเมลที่ลงทะเบียนไว้ในระบบ,"คุณครูสามารถแก้ไขได้ด้วยตนเองค่ะ ทำตามขั้นตอนดังนี้
1 ล็อกอินเข้าระบบ แล้วมาที่เมนู บัญชี ดังรูป จากนั้นระบบจะแสดงหน้าข้อมูลส่วนตัวค่ะ
2 ทำการแก้ไขข้อมูลอีเมลให้ตรงกับระบบ ENDB จากนั้นกดบันทึก ปุ่มด้านล่างค่ะ และกดปิดหน้าข้อมูลส่วนตัว
3 เมื่อแก้ไขอีเมลเรียบร้อยแล้ว คุณครูสามารถเข้าระบบ ENDB ด้วยอีเมลเดิมได้เลยค่ะ
สอบถามเพิ่มเติมได้ที่ teacherpd@ipst.ac.th พร้อมแจ้งหมายเลขอ้างอิง 52006 เพื่อใช้อ้างอิงและติดตามงานค่ะ"
